Nama;Pendidikan;Pekerjaan;Kontak;Waktu;Index;Usia;Jenis_Kelamin;Q1;Q2;Q3;Q4;Q5;Q6;Q7;Q8;Q9;Q10;Q11;Q12;Q13;Q14;Q15
Responden_1;S1;PNS;08XX-XXXX-XXXX;2026-03-17 08:13:44;89.33;31;Laki-Laki;80;100;60;100;100;80;100;100;80;100;80;100;100;60;100
Responden_2;S1;TNI;08XX-XXXX-XXXX;2026-03-16 11:00:05;85.33;50;Laki-Laki;80;100;60;100;100;80;80;100;100;80;60;100;100;60;80
Responden_3;SMA;Pelajar/Mahasiswa;08XX-XXXX-XXXX;2026-03-16 10:59:28;88.0;21;Perempuan;60;100;80;100;100;60;80;100;100;80;100;100;80;100;80
Responden_4;SMA;Wirausaha;08XX-XXXX-XXXX;2026-03-16 10:58:44;86.67;35;Laki-Laki;60;100;80;100;100;60;80;100;80;100;100;60;80;100;100
Responden_5;S2;PNS;08XX-XXXX-XXXX;2026-03-16 10:57:55;88.0;42;Perempuan;60;100;80;100;100;80;100;100;60;80;100;100;80;100;80
Responden_6;S1;Swasta;08XX-XXXX-XXXX;2026-03-16 10:56:49;86.67;28;Laki-Laki;60;100;80;100;100;60;80;100;100;80;100;60;80;100;100
Responden_7;SMA;Wirausaha;08XX-XXXX-XXXX;2026-03-16 07:36:35;84.0;50;Laki-Laki;60;100;80;100;100;60;80;100;60;80;100;100;60;80;100
Responden_8;SMP;Pelajar/Mahasiswa;08XX-XXXX-XXXX;2026-03-16 07:34:00;85.33;16;Perempuan;80;100;100;100;60;80;100;100;60;80;80;100;100;60;80
Responden_9;S1;PNS;08XX-XXXX-XXXX;2026-03-16 07:33:09;85.33;42;Perempuan;60;100;80;100;100;60;80;60;80;100;100;80;80;100;100
Responden_10;D3;TNI;08XX-XXXX-XXXX;2026-03-16 07:32:30;84.0;29;Laki-Laki;60;100;80;100;60;80;100;100;80;100;60;80;100;100;60
Responden_11;S1;Swasta;08XX-XXXX-XXXX;2026-03-16 07:31:45;84.0;33;Perempuan;60;100;80;60;100;100;80;100;100;60;80;100;100;60;80
Responden_12;SMP;Wirausaha;08XX-XXXX-XXXX;2026-03-16 07:31:01;84.0;60;Laki-Laki;80;100;60;100;80;100;100;60;80;100;60;80;100;100;60
Responden_13;SMA;Pelajar/Mahasiswa;08XX-XXXX-XXXX;2026-03-16 07:30:14;86.67;19;Perempuan;80;100;60;100;100;60;80;100;100;80;100;60;80;100;100
Responden_14;S1;Swasta;08XX-XXXX-XXXX;2026-03-13 09:38:38;86.67;25;Perempuan;60;100;80;100;100;80;60;100;100;80;100;60;80;100;100
Responden_15;S1;POLRI;08XX-XXXX-XXXX;2026-03-13 09:30:00;89.33;30;Laki-Laki;80;100;60;100;100;80;100;80;100;60;100;100;100;80;100
Responden_16;SMP;Lainnya;08XX-XXXX-XXXX;2026-03-13 09:27:55;88.0;55;Perempuan;80;100;60;80;100;100;80;100;60;80;100;100;80;100;100
Responden_17;S1;Swasta;08XX-XXXX-XXXX;2026-03-13 09:22:35;84.0;40;Laki-Laki;80;100;100;100;60;80;100;60;100;80;60;100;100;60;80
Responden_18;D3;Pelajar/Mahasiswa;08XX-XXXX-XXXX;2026-03-13 09:21:42;88.0;22;Perempuan;80;100;100;100;80;60;100;100;80;100;60;80;100;100;80
Responden_19;S2;PNS;08XX-XXXX-XXXX;2026-03-13 09:20:48;90.67;35;Laki-Laki;100;60;100;80;100;100;80;100;100;80;100;80;80;100;100
Responden_20;S1;Swasta;08XX-XXXX-XXXX;2026-03-13 09:20:04;86.67;28;Perempuan;80;100;60;100;100;80;100;100;80;60;100;100;60;80;100
Responden_21;S1;PNS;08XX-XXXX-XXXX;2025-12-12 08:56:27;80.0;57;Perempuan;80;80;80;80;80;80;80;80;80;80;80;80;80;80;80
Responden_22;SMA;Lainnya;08XX-XXXX-XXXX;2025-12-11 17:44:00;61.33;48;Laki-Laki;60;80;60;60;60;60;60;60;60;60;60;60;60;60;60
Responden_23;S1;PNS;08XX-XXXX-XXXX;2025-12-11 17:18:19;49.33;50;Perempuan;40;80;60;40;60;40;40;40;60;40;60;60;40;40;40
Responden_24;D3;Wirausaha;08XX-XXXX-XXXX;2025-12-11 17:07:47;88.0;43;Laki-Laki;100;100;100;100;80;80;80;80;80;60;100;100;100;80;80
Responden_25;SMA;Lainnya;08XX-XXXX-XXXX;2025-12-11 16:43:40;66.67;21;Laki-Laki;40;80;80;80;40;60;60;80;60;60;60;80;80;60;80
Responden_26;S1;PNS;08XX-XXXX-XXXX;2025-12-11 16:27:33;84.0;50;Perempuan;80;100;80;80;80;80;80;80;80;80;80;80;100;100;80
Responden_27;D3;Lainnya;08XX-XXXX-XXXX;2025-12-11 16:12:10;64.0;43;Laki-Laki;60;60;60;80;80;60;60;60;60;60;60;80;60;60;60
Responden_28;S1;PNS;08XX-XXXX-XXXX;2025-12-11 16:06:17;81.33;31;Laki-Laki;80;100;80;80;80;80;80;80;80;80;80;80;80;80;80
Responden_29;SMA;Pelajar/Mahasiswa;08XX-XXXX-XXXX;2025-12-05 10:42:52;84.0;16;Perempuan;60;100;80;100;100;60;80;100;100;60;80;100;100;80;60
Responden_30;S2;PNS;08XX-XXXX-XXXX;2025-12-05 10:42:12;85.33;42;Laki-Laki;60;100;80;100;100;60;80;100;100;60;80;100;80;100;80
Responden_31;S1;Swasta;08XX-XXXX-XXXX;2025-12-05 10:41:32;84.0;28;Perempuan;60;100;80;100;100;60;80;60;100;100;60;80;100;100;80
Responden_32;S1;POLRI;08XX-XXXX-XXXX;2025-12-04 08:19:44;84.0;31;Laki-Laki;60;100;80;100;100;60;80;100;100;60;80;100;100;60;80
Responden_33;SMP;Lainnya;08XX-XXXX-XXXX;2025-12-04 08:18:58;86.67;60;Perempuan;80;100;80;100;60;100;100;60;80;100;100;60;80;100;100
Responden_34;S1;Wirausaha;08XX-XXXX-XXXX;2025-12-04 08:18:13;85.33;48;Laki-Laki;60;100;80;100;100;60;80;100;100;60;80;100;100;60;100
Responden_35;D3;Pelajar/Mahasiswa;08XX-XXXX-XXXX;2025-12-03 08:46:10;81.33;24;Perempuan;60;100;80;100;100;60;80;100;60;80;100;100;60;60;80
Responden_36;S2;PNS;08XX-XXXX-XXXX;2025-12-03 08:45:32;84.0;29;Laki-Laki;60;100;80;100;100;60;80;100;100;60;80;100;100;60;80
Responden_37;S2;PNS;08XX-XXXX-XXXX;2025-12-03 08:45:06;84.0;29;Laki-Laki;60;100;80;100;100;60;80;100;100;60;80;100;100;60;80
Responden_38;S1;Swasta;08XX-XXXX-XXXX;2025-12-03 08:44:22;85.33;36;Laki-Laki;60;100;80;100;60;60;100;100;80;100;100;80;100;100;60
Responden_39;SMP;Wirausaha;08XX-XXXX-XXXX;2025-12-02 08:21:46;82.67;53;Perempuan;60;100;80;60;100;100;60;80;60;100;100;60;80;100;100
Responden_40;SMA;Pelajar/Mahasiswa;08XX-XXXX-XXXX;2025-12-02 08:20:58;84.0;20;Laki-Laki;80;100;60;100;100;80;60;100;100;60;80;100;100;60;80
Responden_41;S1;PNS;08XX-XXXX-XXXX;2025-12-02 08:20:14;81.33;44;Perempuan;60;100;80;60;100;60;80;100;60;80;100;60;80;100;100
Responden_42;D3;POLRI;08XX-XXXX-XXXX;2025-12-01 13:56:57;81.33;37;Laki-Laki;60;100;80;60;100;60;80;100;100;60;80;100;100;80;60
Responden_43;S1;Swasta;08XX-XXXX-XXXX;2025-12-01 13:55:15;84.0;32;Perempuan;60;100;80;100;100;60;80;100;60;80;100;100;60;80;100
Responden_44;SMA;Wirausaha;08XX-XXXX-XXXX;2025-12-01 13:30:50;85.33;56;Laki-Laki;60;100;80;100;60;100;100;80;100;60;100;60;100;100;80
Responden_45;SMP;Pelajar/Mahasiswa;08XX-XXXX-XXXX;2025-11-28 08:14:42;81.33;17;Perempuan;60;100;80;100;60;60;80;100;100;60;80;100;100;60;80
Responden_46;S2;PNS;08XX-XXXX-XXXX;2025-11-28 08:13:58;82.67;40;Laki-Laki;60;100;80;60;100;100;80;60;100;100;60;80;60;100;100
Responden_47;S1;Swasta;08XX-XXXX-XXXX;2025-11-28 08:13:15;86.67;26;Laki-Laki;60;100;80;100;100;60;80;100;100;60;80;100;100;80;100
Responden_48;S1;POLRI;08XX-XXXX-XXXX;2025-11-27 08:54:38;84.0;38;Perempuan;60;100;80;100;100;60;80;100;100;60;80;100;100;80;60
Responden_49;SMA;Lainnya;08XX-XXXX-XXXX;2025-11-27 08:53:56;88.0;51;Laki-Laki;80;100;100;100;60;100;100;60;80;100;100;60;80;100;100
Responden_50;S1;Wirausaha;08XX-XXXX-XXXX;2025-11-27 08:53:13;86.67;19;Perempuan;100;60;100;100;80;100;100;60;80;80;100;100;60;80;100
Responden_51;D3;Pelajar/Mahasiswa;08XX-XXXX-XXXX;2025-11-26 07:57:29;85.33;45;Laki-Laki;100;60;100;80;100;100;60;80;100;100;60;80;100;100;60
Responden_52;S2;PNS;08XX-XXXX-XXXX;2025-11-26 07:56:33;82.67;25;Perempuan;60;100;80;100;60;60;100;80;60;100;100;60;80;100;100
Responden_53;S1;Swasta;08XX-XXXX-XXXX;2025-11-26 07:55:13;80.0;33;Laki-Laki;60;100;60;80;100;100;60;80;60;100;100;60;80;60;100
Responden_54;SMP;Wirausaha;08XX-XXXX-XXXX;2025-11-25 07:50:37;81.33;62;Perempuan;80;100;60;100;100;60;80;100;60;60;80;100;100;60;80
Responden_55;SMA;Pelajar/Mahasiswa;08XX-XXXX-XXXX;2025-11-25 07:49:48;81.33;21;Perempuan;100;60;100;60;80;80;100;100;60;60;80;100;100;60;80
Responden_56;S1;PNS;08XX-XXXX-XXXX;2025-11-25 07:48:22;85.33;49;Laki-Laki;100;60;100;80;60;100;100;60;80;100;100;60;80;100;100
Responden_57;D3;POLRI;08XX-XXXX-XXXX;2025-11-25 07:46:30;85.33;35;Perempuan;100;60;100;80;60;100;100;60;80;100;100;60;80;100;100
Responden_58;S1;Swasta;08XX-XXXX-XXXX;2025-11-24 10:18:40;88.0;30;Laki-Laki;60;100;60;100;100;80;100;100;80;100;100;60;100;100;80
Responden_59;SMA;Wirausaha;08XX-XXXX-XXXX;2025-11-24 10:17:55;85.33;58;Perempuan;60;100;60;100;100;80;100;100;60;80;100;80;60;100;100
Responden_60;SMP;Pelajar/Mahasiswa;08XX-XXXX-XXXX;2025-11-24 10:16:39;84.0;16;Laki-Laki;60;100;60;100;100;80;60;100;100;60;80;100;100;60;100
Responden_61;S2;PNS;08XX-XXXX-XXXX;2025-11-21 08:16:28;86.67;41;Perempuan;60;100;80;100;100;60;80;100;100;60;100;80;80;100;100
Responden_62;S1;Swasta;08XX-XXXX-XXXX;2025-11-21 08:15:34;80.0;27;Laki-Laki;80;100;60;60;100;60;80;100;100;60;80;100;60;60;100
Responden_63;S1;POLRI;08XX-XXXX-XXXX;2025-11-20 07:41:49;81.33;34;Perempuan;100;60;80;100;100;60;60;80;80;60;100;100;60;80;100
Responden_64;SMA;Lainnya;08XX-XXXX-XXXX;2025-11-20 07:40:42;82.67;65;Laki-Laki;60;100;60;80;100;100;60;80;80;100;60;80;100;100;80
Responden_65;S1;Wirausaha;08XX-XXXX-XXXX;2025-11-20 07:39:04;84.0;18;Perempuan;100;60;80;100;100;60;80;100;100;60;80;100;100;60;80
Responden_66;D3;Pelajar/Mahasiswa;08XX-XXXX-XXXX;2025-11-19 09:02:37;84.0;46;Laki-Laki;100;60;80;100;60;100;100;60;80;100;100;60;80;100;80
Responden_67;S2;PNS;08XX-XXXX-XXXX;2025-11-19 09:00:57;85.33;23;Perempuan;100;60;100;80;100;100;60;80;100;100;60;80;100;100;60
Responden_68;S1;Swasta;08XX-XXXX-XXXX;2025-11-19 09:00:16;84.0;39;Laki-Laki;100;60;80;60;100;100;80;100;100;60;80;100;100;60;80
Responden_69;SMP;Wirausaha;08XX-XXXX-XXXX;2025-11-18 08:07:49;82.67;52;Perempuan;60;100;80;100;100;60;60;80;100;60;100;60;80;100;100
Responden_70;SMA;Pelajar/Mahasiswa;08XX-XXXX-XXXX;2025-11-18 08:06:58;84.0;17;Laki-Laki;100;60;80;100;100;60;80;100;100;60;80;60;100;100;80
Responden_71;S1;PNS;08XX-XXXX-XXXX;2025-11-18 08:06:13;82.67;47;Perempuan;80;60;100;100;60;80;100;100;60;80;80;100;60;80;100
Responden_72;D3;POLRI;08XX-XXXX-XXXX;2025-11-18 08:05:29;81.33;36;Laki-Laki;80;60;60;100;100;60;80;100;80;100;60;80;100;100;60
Responden_73;S1;Swasta;08XX-XXXX-XXXX;2025-11-17 08:22:27;78.67;31;Perempuan;80;60;60;100;100;60;80;100;60;60;80;100;100;60;80
Responden_74;SMP;Swasta;08XX-XXXX-XXXX;2025-11-17 08:21:40;82.67;55;Laki-Laki;100;60;80;100;100;60;80;60;100;100;60;80;60;100;100
Responden_75;SMA;Pelajar/Mahasiswa;08XX-XXXX-XXXX;2025-11-17 08:20:55;86.67;19;Perempuan;100;60;80;100;100;60;80;100;60;80;100;100;80;100;100
Responden_76;S1;Pelajar/Mahasiswa;08XX-XXXX-XXXX;2025-11-11 16:25:16;68.0;20;Laki-Laki;60;80;60;60;60;80;80;60;60;60;60;80;60;80;80
Responden_77;S1;Pelajar/Mahasiswa;08XX-XXXX-XXXX;2025-11-11 16:09:46;57.33;20;Laki-Laki;80;100;60;60;60;60;40;40;60;60;60;40;60;40;40
Responden_78;S1;Pelajar/Mahasiswa;08XX-XXXX-XXXX;2025-11-11 15:44:20;65.33;20;Laki-Laki;40;80;60;80;60;60;60;60;60;60;60;80;100;60;60
Responden_79;S1;Pelajar/Mahasiswa;08XX-XXXX-XXXX;2025-11-11 14:57:41;90.67;20;Laki-Laki;80;100;80;80;80;100;80;100;80;100;100;100;100;80;100
Responden_80;S1;Pelajar/Mahasiswa;08XX-XXXX-XXXX;2025-11-11 14:07:55;68.0;20;Laki-Laki;20;100;40;80;60;80;80;80;60;80;40;60;80;80;80
Responden_81;S2;PNS;08XX-XXXX-XXXX;2025-11-11 09:38:25;82.67;43;Laki-Laki;60;100;80;60;100;100;100;60;80;60;100;100;60;80;100
Responden_82;S1;Swasta;08XX-XXXX-XXXX;2025-11-11 09:37:20;81.33;26;Perempuan;80;100;60;80;80;100;60;100;100;60;80;60;100;100;60
Responden_83;S1;POLRI;08XX-XXXX-XXXX;2025-11-11 09:36:31;84.0;32;Laki-Laki;60;100;80;100;100;80;100;60;80;100;60;80;100;60;100
Responden_84;SMP;Lainnya;08XX-XXXX-XXXX;2025-11-06 10:36:01;84.0;60;Perempuan;100;60;80;100;60;100;100;60;80;100;100;60;80;80;100
Responden_85;S1;Wirausaha;08XX-XXXX-XXXX;2025-11-06 10:35:17;85.33;48;Laki-Laki;100;60;80;100;80;100;100;60;80;100;80;100;60;100;80
Responden_86;D3;Pelajar/Mahasiswa;08XX-XXXX-XXXX;2025-10-31 15:56:14;82.67;20;Perempuan;100;60;60;80;100;80;100;60;80;100;100;60;80;100;80
Responden_87;S2;PNS;08XX-XXXX-XXXX;2025-10-31 15:55:26;81.33;37;Laki-Laki;100;60;80;100;60;100;60;80;80;100;60;100;80;60;100
Responden_88;S1;Swasta;08XX-XXXX-XXXX;2025-10-31 15:54:44;85.33;28;Perempuan;100;60;80;60;100;100;80;60;100;100;100;100;80;60;100
Responden_89;SMA;Wirausaha;08XX-XXXX-XXXX;2025-10-31 15:54:00;85.33;50;Laki-Laki;100;60;80;100;60;80;100;60;80;100;100;80;80;100;100
Responden_90;SMP;Pelajar/Mahasiswa;08XX-XXXX-XXXX;2025-10-31 15:53:11;80.0;15;Laki-Laki;80;60;100;60;80;100;60;80;100;60;80;60;100;100;80
Responden_91;S1;PNS;08XX-XXXX-XXXX;2025-10-31 15:52:25;78.67;42;Perempuan;100;60;60;80;100;60;80;100;60;80;80;60;80;80;100
Responden_92;D3;TNI;08XX-XXXX-XXXX;2025-10-30 16:52:03;78.67;34;Laki-Laki;100;60;80;60;100;80;60;100;60;80;100;100;60;80;60
Responden_93;S1;Swasta;08XX-XXXX-XXXX;2025-10-30 16:51:17;82.67;30;Perempuan;60;100;80;100;100;60;80;100;60;80;80;100;100;60;80
Responden_94;SMA;Wirausaha;08XX-XXXX-XXXX;2025-10-30 16:50:28;80.0;59;Laki-Laki;80;60;100;60;80;100;60;80;100;60;80;100;100;60;80
Responden_95;SMP;Pelajar/Mahasiswa;08XX-XXXX-XXXX;2025-10-30 16:49:40;81.33;16;Perempuan;100;60;80;100;80;60;100;60;100;60;80;100;60;80;100
Responden_96;S2;PNS;08XX-XXXX-XXXX;2025-10-29 09:50:18;77.33;45;Laki-Laki;100;60;60;80;60;100;60;100;60;80;80;100;60;100;60
Responden_97;S1;Swasta;08XX-XXXX-XXXX;2025-10-29 09:49:33;80.0;24;Perempuan;80;60;100;60;100;60;100;60;100;80;60;100;60;100;80
Responden_98;S1;TNI;08XX-XXXX-XXXX;2025-10-28 10:35:59;80.0;38;Laki-Laki;100;60;60;80;100;60;100;60;80;60;100;60;100;80;100
Responden_99;SMP;Lainnya;08XX-XXXX-XXXX;2025-10-28 10:35:05;81.33;63;Perempuan;100;60;80;100;80;60;100;60;100;60;100;60;80;100;80
Responden_100;S1;Wirausaha;08XX-XXXX-XXXX;2025-10-23 13:25:52;82.67;49;Laki-Laki;100;60;80;100;60;80;100;80;100;60;100;60;80;100;80
Responden_101;D3;Pelajar/Mahasiswa;08XX-XXXX-XXXX;2025-10-23 13:25:07;78.67;22;Perempuan;60;100;80;60;100;60;80;60;100;80;60;100;60;80;100
Responden_102;S2;PNS;08XX-XXXX-XXXX;2025-10-21 10:45:15;80.0;27;Laki-Laki;60;100;60;80;100;80;60;100;60;100;100;60;80;60;100
Responden_103;S1;Swasta;08XX-XXXX-XXXX;2025-10-21 10:44:27;77.33;35;Perempuan;60;80;60;100;80;60;100;60;100;80;60;80;80;60;100
Responden_104;SMP;Wirausaha;08XX-XXXX-XXXX;2025-10-20 09:58:25;84.0;54;Laki-Laki;60;100;80;100;100;80;100;60;80;100;60;80;100;100;60
Responden_105;SMA;Pelajar/Mahasiswa;08XX-XXXX-XXXX;2025-10-20 09:57:42;82.67;18;Perempuan;60;80;100;100;60;80;100;80;60;100;100;80;60;100;80
Responden_106;S1;Pelajar/Mahasiswa;08XX-XXXX-XXXX;2025-10-20 09:40:42;65.33;21;Laki-Laki;80;60;60;60;80;80;80;60;60;60;60;60;60;60;60
Responden_107;SMA;Pelajar/Mahasiswa;08XX-XXXX-XXXX;2025-10-20 08:15:22;66.67;22;Perempuan;60;60;60;60;60;60;60;60;60;80;80;80;80;80;60
Responden_108;SMA;Pelajar/Mahasiswa;08XX-XXXX-XXXX;2025-10-20 08:12:40;76.0;21;Perempuan;80;60;60;60;80;80;100;100;100;80;60;80;80;60;60
Responden_109;SMA;Pelajar/Mahasiswa;08XX-XXXX-XXXX;2025-10-20 08:11:30;64.0;21;Laki-Laki;80;60;60;60;60;60;80;60;60;80;60;60;60;60;60
Responden_110;S1;PNS;08XX-XXXX-XXXX;2025-10-10 10:41:30;78.67;40;Laki-Laki;60;80;60;100;60;80;100;60;80;100;100;60;60;80;100
Responden_111;S1;PNS;08XX-XXXX-XXXX;2025-10-10 10:41:29;78.67;40;Laki-Laki;60;80;60;100;60;80;100;60;80;100;100;60;60;80;100
Responden_112;D3;POLRI;08XX-XXXX-XXXX;2025-10-10 10:40:42;80.0;26;Perempuan;60;100;60;80;60;80;100;60;80;100;80;60;80;100;100
Responden_113;S1;Swasta;08XX-XXXX-XXXX;2025-10-09 15:54:41;74.67;31;Laki-Laki;60;100;60;80;80;100;60;60;80;80;60;100;60;80;60
Responden_114;SMA;Swasta;08XX-XXXX-XXXX;2025-10-09 15:53:55;78.67;57;Perempuan;60;80;100;60;100;60;80;100;60;100;80;60;80;60;100
Responden_115;SMP;Pelajar/Mahasiswa;08XX-XXXX-XXXX;2025-10-06 14:04:35;77.33;17;Laki-Laki;60;100;60;80;60;100;100;80;60;80;80;60;80;60;100
Responden_116;S2;PNS;08XX-XXXX-XXXX;2025-10-06 14:03:50;78.67;44;Perempuan;60;80;60;100;60;60;100;80;60;80;100;100;60;80;100
Responden_117;S1;Swasta;08XX-XXXX-XXXX;2025-10-06 14:03:06;77.33;29;Laki-Laki;60;80;60;100;60;100;60;80;60;100;60;80;100;60;100
Responden_118;S1;POLRI;08XX-XXXX-XXXX;2025-10-06 14:02:17;80.0;33;Perempuan;60;80;100;80;80;60;100;60;100;80;60;100;100;60;80
Responden_119;SMA;Lainnya;08XX-XXXX-XXXX;2025-09-25 09:20:10;76.0;61;Laki-Laki;60;100;60;80;60;80;60;100;80;60;80;60;80;100;80
Responden_120;S1;Wirausaha;08XX-XXXX-XXXX;2025-09-25 09:19:25;78.67;27;Perempuan;60;80;60;100;80;80;100;60;80;80;60;100;60;100;80
Responden_121;D3;Lainnya;08XX-XXXX-XXXX;2025-09-24 08:46:43;77.33;46;Laki-Laki;60;80;60;100;60;80;60;100;80;100;60;80;60;80;100
Responden_122;S2;PNS;08XX-XXXX-XXXX;2025-09-24 08:45:33;77.33;25;Perempuan;60;100;80;60;100;60;80;60;100;60;60;100;80;60;100
Responden_123;S1;Swasta;08XX-XXXX-XXXX;2025-09-23 11:32:17;73.33;37;Laki-Laki;60;80;60;100;60;60;80;60;100;60;80;60;100;60;80
Responden_124;SMP;Swasta;08XX-XXXX-XXXX;2025-09-23 11:31:36;74.67;52;Perempuan;60;100;60;80;60;60;80;100;60;100;80;60;60;80;80
Responden_125;SMA;Pelajar/Mahasiswa;08XX-XXXX-XXXX;2025-09-22 10:14:13;72.0;20;Laki-Laki;60;80;60;100;60;80;60;80;80;60;100;60;60;80;60
Responden_126;S1;PNS;08XX-XXXX-XXXX;2025-09-22 10:13:25;74.67;39;Perempuan;60;100;60;80;100;60;80;60;80;60;100;60;80;60;80
Responden_127;D3;TNI;08XX-XXXX-XXXX;2025-09-19 08:43:22;73.33;28;Laki-Laki;60;80;60;100;60;60;80;60;100;60;60;80;60;100;80
Responden_128;S1;Swasta;08XX-XXXX-XXXX;2025-09-19 08:42:35;73.33;30;Perempuan;60;80;60;100;60;80;60;80;100;60;100;60;60;80;60
Responden_129;SMA;Wirausaha;08XX-XXXX-XXXX;2025-09-18 10:56:12;72.0;64;Laki-Laki;60;80;60;80;60;80;100;60;60;80;60;80;80;60;80
Responden_130;SMP;Pelajar/Mahasiswa;08XX-XXXX-XXXX;2025-09-18 10:55:16;78.67;15;Perempuan;60;80;100;100;60;60;80;80;100;60;80;80;60;100;80
Responden_131;S2;PNS;08XX-XXXX-XXXX;2025-09-18 10:54:30;78.67;47;Laki-Laki;60;80;60;60;100;100;60;80;60;100;100;60;80;80;100
Responden_132;S1;Swasta;08XX-XXXX-XXXX;2025-09-17 09:48:32;77.33;23;Perempuan;60;100;80;60;80;80;60;100;80;60;80;60;80;100;80
Responden_133;S1;POLRI;08XX-XXXX-XXXX;2025-09-17 09:47:53;74.67;32;Laki-Laki;60;80;60;100;60;80;60;100;60;80;100;60;80;60;80
Responden_134;SMP;Lainnya;08XX-XXXX-XXXX;2025-09-17 09:47:08;74.67;56;Perempuan;60;80;100;60;80;60;100;60;80;100;60;60;80;60;80
Responden_135;SMA;Pelajar/Mahasiswa;08XX-XXXX-XXXX;2025-09-17 08:33:04;82.67;21;Laki-Laki;100;40;80;100;60;80;100;80;100;80;80;80;100;60;100
Responden_136;SMA;Pelajar/Mahasiswa;08XX-XXXX-XXXX;2025-09-17 07:58:10;100.0;21;Laki-Laki;100;100;100;100;100;100;100;100;100;100;100;100;100;100;100
Responden_137;S1;Wirausaha;08XX-XXXX-XXXX;2025-09-16 08:36:01;76.0;43;Laki-Laki;60;80;100;60;60;100;60;80;100;60;60;80;80;60;100
Responden_138;D3;Pelajar/Mahasiswa;08XX-XXXX-XXXX;2025-09-16 08:35:14;76.0;21;Perempuan;80;60;100;60;80;60;80;80;60;100;60;80;60;100;80
Responden_139;S2;PNS;08XX-XXXX-XXXX;2025-09-15 10:26:29;72.0;36;Laki-Laki;60;80;80;60;100;60;80;60;60;80;80;60;80;60;80
Responden_140;S1;Swasta;08XX-XXXX-XXXX;2025-09-15 10:25:44;81.33;29;Perempuan;80;100;60;80;100;80;80;100;80;80;60;80;60;100;80
Responden_141;SMA;Wirausaha;08XX-XXXX-XXXX;2025-09-15 10:24:58;74.67;53;Laki-Laki;60;80;80;60;100;80;60;80;60;80;60;80;80;60;100
Responden_142;SMP;Pelajar/Mahasiswa;08XX-XXXX-XXXX;2025-09-12 10:40:56;69.33;17;Perempuan;60;80;80;60;60;80;80;60;60;80;80;60;80;60;60
Responden_143;S1;PNS;08XX-XXXX-XXXX;2025-09-12 10:40:10;74.67;41;Perempuan;60;80;80;60;100;60;80;100;60;80;60;80;100;60;60
Responden_144;D3;POLRI;08XX-XXXX-XXXX;2025-09-12 10:39:25;70.67;26;Laki-Laki;60;80;80;100;60;80;60;60;80;80;60;60;80;60;60
Responden_145;SMP;Wirausaha;08XX-XXXX-XXXX;2025-09-11 09:19:44;73.33;62;Laki-Laki;60;80;80;60;60;80;80;100;60;80;60;80;60;80;80
Responden_146;SMA;Pelajar/Mahasiswa;08XX-XXXX-XXXX;2025-09-11 09:18:47;72.0;18;Perempuan;80;80;60;60;80;80;60;60;80;80;60;80;80;80;60
Responden_147;S2;PNS;08XX-XXXX-XXXX;2025-09-11 09:18:01;78.67;49;Laki-Laki;80;100;60;80;80;60;100;60;80;100;60;80;100;60;80
Responden_148;S1;Swasta;08XX-XXXX-XXXX;2025-09-09 10:06:48;70.67;24;Perempuan;60;80;60;60;80;80;60;60;80;60;80;80;60;60;100
Responden_149;S1;POLRI;08XX-XXXX-XXXX;2025-09-09 10:06:08;72.0;31;Laki-Laki;80;60;80;80;60;60;80;80;60;80;80;60;80;80;60
Responden_150;SMA;Lainnya;08XX-XXXX-XXXX;2025-09-09 10:05:16;74.67;58;Perempuan;60;80;80;60;80;100;80;60;80;60;80;80;60;80;80
Responden_151;S1;Wirausaha;08XX-XXXX-XXXX;2025-09-09 10:04:30;76.0;45;Laki-Laki;80;60;80;80;80;60;80;80;60;80;100;80;60;80;80
Responden_152;D3;Pelajar/Mahasiswa;08XX-XXXX-XXXX;2025-09-09 10:02:31;76.0;20;Perempuan;80;60;80;80;60;80;80;60;80;80;100;60;80;80;80
Responden_153;S1;PNS;08XX-XXXX-XXXX;2025-09-09 09:58:52;74.67;38;Laki-Laki;60;80;80;60;100;80;60;80;80;60;80;80;60;80;80
Responden_154;S1;Swasta;08XX-XXXX-XXXX;2025-09-09 09:58:04;77.33;27;Perempuan;60;80;80;60;100;80;80;100;80;80;60;80;80;60;80
Responden_155;SMA;Wirausaha;08XX-XXXX-XXXX;2025-09-09 09:57:19;76.0;50;Laki-Laki;60;80;80;100;80;60;80;100;60;80;60;80;60;80;80
Responden_156;SMP;Pelajar/Mahasiswa;08XX-XXXX-XXXX;2025-09-09 09:56:12;76.0;16;Perempuan;80;60;80;80;60;80;80;60;100;100;80;60;80;60;80
Responden_157;S1;PNS;08XX-XXXX-XXXX;2025-09-09 09:53:23;73.33;42;Perempuan;60;80;80;60;60;80;80;60;80;80;100;60;80;60;80
Responden_158;D3;TNI;08XX-XXXX-XXXX;2025-09-09 09:50:34;73.33;29;Laki-Laki;60;80;60;60;80;80;60;80;60;80;60;80;80;100;80
Responden_159;S1;Swasta;08XX-XXXX-XXXX;2025-09-09 09:48:09;72.0;33;Perempuan;60;80;80;60;60;80;80;60;60;80;60;80;60;80;100
Responden_160;SMP;Wirausaha;08XX-XXXX-XXXX;2025-09-09 09:47:00;70.67;60;Laki-Laki;60;80;80;60;80;60;80;80;60;60;80;60;80;80;60
Responden_161;SD;Swasta;08XX-XXXX-XXXX;2025-08-28 11:09:13;82.67;41;Laki-Laki;80;100;100;80;80;80;100;100;80;100;60;20;100;80;80
Responden_162;SMA;Pelajar/Mahasiswa;08XX-XXXX-XXXX;2025-08-08 10:32:29;69.33;19;Perempuan;80;60;80;60;60;80;60;80;80;60;60;60;80;80;60
Responden_163;Lainnya;PNS;08XX-XXXX-XXXX;2025-08-08 08:46:10;61.33;41;Laki-Laki;80;80;80;40;40;80;60;80;40;80;60;40;80;40;40
Responden_164;S2;PNS;08XX-XXXX-XXXX;2025-08-07 11:26:19;70.67;48;Laki-Laki;60;80;80;60;60;100;60;60;80;60;80;80;60;60;80
Responden_165;S1;Swasta;08XX-XXXX-XXXX;2025-08-07 11:25:35;72.0;25;Perempuan;60;80;60;100;60;80;60;60;80;80;60;80;60;80;80
Responden_166;S1;PNS;08XX-XXXX-XXXX;2025-07-08 07:32:09;80.0;24;Laki-Laki;80;80;80;80;80;80;80;80;80;80;80;80;80;80;80
Responden_167;D3;PNS;08XX-XXXX-XXXX;2025-07-02 11:25:30;81.33;37;Perempuan;100;80;80;80;80;80;80;80;80;80;80;80;80;80;80
Responden_168;S2;PNS;08XX-XXXX-XXXX;2025-07-02 10:45:44;76.0;54;Laki-Laki;80;80;80;60;80;80;80;80;80;80;80;60;80;60;80
Responden_169;S2;PNS;08XX-XXXX-XXXX;2025-07-02 10:45:18;76.0;54;Laki-Laki;80;80;80;60;80;80;80;80;80;80;80;60;80;60;80
Responden_170;S1;TNI;08XX-XXXX-XXXX;2025-07-01 10:38:47;66.67;30;Laki-Laki;80;60;60;60;80;80;80;60;60;60;60;60;80;60;60
Responden_171;S1;Lainnya;08XX-XXXX-XXXX;2025-06-30 19:33:43;97.33;52;Perempuan;100;80;80;100;100;100;100;100;100;100;100;100;100;100;100
Responden_172;S1;Lainnya;08XX-XXXX-XXXX;2025-06-30 14:27:56;89.33;33;Perempuan;100;80;100;100;80;100;80;80;100;80;80;100;100;80;80
Responden_173;SMP;Wirausaha;08XX-XXXX-XXXX;2025-06-30 14:23:02;80.0;21;Laki-Laki;80;80;80;80;80;80;80;80;80;80;80;80;80;80;80
Responden_174;S1;Lainnya;08XX-XXXX-XXXX;2025-06-30 14:07:45;62.67;25;Perempuan;80;60;60;80;40;60;60;60;60;60;60;60;80;60;60
Responden_175;S1;Lainnya;08XX-XXXX-XXXX;2025-06-30 14:04:19;73.33;26;Laki-Laki;80;80;80;80;60;60;80;80;60;80;60;80;80;60;80
Responden_176;S1;Wirausaha;08XX-XXXX-XXXX;2025-06-30 14:03:55;74.67;50;Laki-Laki;80;80;80;60;60;80;80;80;80;80;60;80;60;80;80
Responden_177;SMA;Lainnya;08XX-XXXX-XXXX;2025-06-30 13:59:43;80.0;39;Perempuan;80;80;80;80;80;80;80;80;80;80;80;80;80;80;80
Responden_178;S2;Swasta;08XX-XXXX-XXXX;2025-06-30 13:57:06;68.0;38;Laki-Laki;80;60;60;60;60;80;80;80;80;80;60;60;60;60;60
Responden_179;SMA;Lainnya;08XX-XXXX-XXXX;2025-06-30 13:57:01;81.33;49;Laki-Laki;100;80;80;80;80;80;80;80;80;80;80;80;80;60;100
Responden_180;S1;PNS;08XX-XXXX-XXXX;2025-06-30 13:53:40;52.0;35;Perempuan;80;60;60;60;60;60;40;40;40;40;40;60;60;40;40
Responden_181;S1;Swasta;08XX-XXXX-XXXX;2025-06-30 13:46:59;77.33;41;Laki-Laki;80;80;80;80;60;80;60;100;80;60;60;100;80;80;80
Responden_182;S1;PNS;08XX-XXXX-XXXX;2025-06-30 13:44:28;78.67;37;Laki-Laki;100;60;60;60;80;80;100;60;60;100;80;100;100;60;80
Responden_183;SMP;Lainnya;08XX-XXXX-XXXX;2025-06-30 13:24:12;70.67;55;Perempuan;60;80;60;80;80;60;80;60;60;80;80;60;60;80;80
Responden_184;S1;Swasta;08XX-XXXX-XXXX;2025-06-30 13:23:25;70.67;40;Laki-Laki;60;60;80;80;60;80;60;60;80;80;60;60;80;60;100
Responden_185;D3;Pelajar/Mahasiswa;08XX-XXXX-XXXX;2025-06-30 13:22:34;69.33;22;Perempuan;80;60;60;80;60;80;60;60;80;60;80;60;80;80;60
Responden_186;S2;PNS;08XX-XXXX-XXXX;2025-06-30 13:21:47;70.67;35;Laki-Laki;80;60;60;80;80;60;60;80;60;60;100;60;60;80;80
Responden_187;S1;Swasta;08XX-XXXX-XXXX;2025-06-30 13:20:53;70.67;28;Perempuan;60;80;60;80;60;60;80;100;60;80;60;80;60;80;60
Responden_188;S1;PNS;08XX-XXXX-XXXX;2025-06-27 12:51:55;78.67;46;Laki-Laki;80;80;80;60;80;80;80;80;80;80;80;80;80;80;80
Responden_189;S1;PNS;08XX-XXXX-XXXX;2025-06-26 09:19:42;84.0;51;Laki-Laki;100;80;80;80;80;80;100;80;80;80;80;80;80;80;100
Responden_190;S1;PNS;08XX-XXXX-XXXX;2025-06-25 17:35:45;89.33;51;Laki-Laki;100;100;100;100;80;80;100;80;80;80;80;80;80;100;100
Responden_191;S1;Pelajar/Mahasiswa;08XX-XXXX-XXXX;2025-06-25 13:40:00;81.33;21;Perempuan;80;80;100;80;80;80;80;80;80;80;80;80;80;80;80
Responden_192;D3;Pelajar/Mahasiswa;08XX-XXXX-XXXX;2025-06-25 12:46:29;72.0;19;Perempuan;80;60;60;60;60;80;80;80;80;80;80;60;80;60;80
Responden_193;S1;Pelajar/Mahasiswa;08XX-XXXX-XXXX;2025-06-25 12:38:55;96.0;22;Laki-Laki;100;100;100;100;100;100;100;100;100;80;60;100;100;100;100
Responden_194;D3;Lainnya;08XX-XXXX-XXXX;2025-06-25 12:10:15;100.0;23;Perempuan;100;100;100;100;100;100;100;100;100;100;100;100;100;100;100
Responden_195;S1;Pelajar/Mahasiswa;08XX-XXXX-XXXX;2025-06-25 11:50:47;100.0;21;Perempuan;100;100;100;100;100;100;100;100;100;100;100;100;100;100;100
Responden_196;SMA;Pelajar/Mahasiswa;08XX-XXXX-XXXX;2025-06-25 11:50:18;80.0;22;Perempuan;80;60;60;80;80;80;80;100;80;100;60;100;100;60;80
Responden_197;SMA;Pelajar/Mahasiswa;08XX-XXXX-XXXX;2025-06-20 12:45:10;80.0;17;Laki-Laki;100;60;60;60;80;100;80;100;100;100;80;80;80;60;60
Responden_198;D3;Wirausaha;08XX-XXXX-XXXX;2025-04-15 07:23:05;73.33;45;Laki-Laki;60;80;60;80;80;60;80;80;60;80;80;60;80;80;80
Responden_199;S1;Lainnya;08XX-XXXX-XXXX;2025-04-15 07:22:23;72.0;34;Laki-Laki;80;80;60;80;60;80;80;60;60;80;60;80;80;60;80
Responden_200;SMA;Lainnya;08XX-XXXX-XXXX;2025-03-26 08:01:21;70.67;36;Perempuan;80;60;80;60;80;60;80;60;80;60;80;80;60;60;80
Responden_201;SMA;Swasta;08XX-XXXX-XXXX;2025-03-26 08:00:17;66.67;47;Perempuan;60;60;80;60;80;60;60;60;80;60;60;80;60;80;60
Responden_202;S1;Wirausaha;08XX-XXXX-XXXX;2025-03-25 08:02:51;74.67;41;Perempuan;100;60;80;100;80;60;80;60;80;60;80;60;80;60;80
Responden_203;D3;Swasta;08XX-XXXX-XXXX;2025-03-25 08:02:01;69.33;32;Perempuan;80;60;80;60;60;60;80;80;60;60;80;80;60;60;80
Responden_204;S1;Swasta;08XX-XXXX-XXXX;2025-03-24 10:22:08;69.33;35;Perempuan;60;60;100;60;80;60;60;80;60;80;60;80;60;80;60
Responden_205;S1;Lainnya;08XX-XXXX-XXXX;2025-03-24 10:02:20;68.0;34;Laki-Laki;60;60;80;80;60;80;60;60;80;60;60;60;80;60;80
Responden_206;SMA;Wirausaha;08XX-XXXX-XXXX;2025-03-24 10:01:23;66.67;49;Laki-Laki;60;60;80;60;80;60;80;60;60;80;60;60;80;60;60
Responden_207;D3;Wirausaha;08XX-XXXX-XXXX;2025-03-21 12:32:20;66.67;36;Laki-Laki;60;60;80;60;80;60;60;80;60;80;60;60;80;60;60
Responden_208;S1;Wirausaha;08XX-XXXX-XXXX;2025-03-21 11:44:20;68.0;37;Laki-Laki;60;60;80;60;80;60;60;80;60;80;60;80;60;60;80
Responden_209;D3;Lainnya;08XX-XXXX-XXXX;2025-03-21 11:43:35;72.0;46;Perempuan;100;60;80;100;60;60;80;60;80;60;80;60;60;80;60
Responden_210;S1;Swasta;08XX-XXXX-XXXX;2025-03-20 14:23:31;66.67;33;Laki-Laki;80;60;80;60;60;60;80;60;60;80;60;60;60;80;60
Responden_211;S1;Swasta;08XX-XXXX-XXXX;2025-03-20 14:14:35;69.33;45;Laki-Laki;80;60;80;60;60;80;60;80;60;80;80;60;60;80;60
Responden_212;S1;Swasta;08XX-XXXX-XXXX;2025-03-20 14:02:24;68.0;29;Perempuan;60;60;80;60;80;80;60;80;60;60;60;80;60;80;60
Responden_213;S1;Swasta;08XX-XXXX-XXXX;2025-03-20 14:01:22;68.0;24;Laki-Laki;80;60;80;60;60;60;80;60;80;60;80;60;80;60;60
Responden_214;S1;Lainnya;08XX-XXXX-XXXX;2025-03-19 08:30:58;68.0;45;Perempuan;60;60;80;80;60;80;60;80;60;60;80;60;60;80;60
Responden_215;S1;Pelajar/Mahasiswa;08XX-XXXX-XXXX;2025-03-19 08:30:05;69.33;22;Laki-Laki;60;60;80;80;60;80;80;60;80;60;60;80;60;80;60
Responden_216;S2;Wirausaha;08XX-XXXX-XXXX;2025-03-19 08:29:18;69.33;41;Perempuan;60;60;80;60;80;100;60;80;60;60;80;60;80;60;60
Responden_217;S1;Swasta;08XX-XXXX-XXXX;2025-03-19 08:28:24;73.33;36;Laki-Laki;80;60;80;60;100;80;60;80;60;80;60;100;60;60;80
Responden_218;S1;Wirausaha;08XX-XXXX-XXXX;2025-03-18 15:47:35;84.0;48;Laki-Laki;80;100;80;80;80;80;60;80;80;80;80;100;100;80;100
Responden_219;SMA;Pelajar/Mahasiswa;08XX-XXXX-XXXX;2025-03-18 14:51:40;60.0;18;Perempuan;60;60;60;60;60;60;60;60;60;60;60;60;60;60;60
Responden_220;S1;PNS;08XX-XXXX-XXXX;2025-03-18 14:28:36;58.67;41;Laki-Laki;60;60;60;60;60;60;60;60;60;40;60;60;60;60;60
Responden_221;SD;Lainnya;08XX-XXXX-XXXX;2025-03-17 23:52:37;100.0;40;Laki-Laki;100;100;100;100;100;100;100;100;100;100;100;100;100;100;100
Responden_222;SMA;Pelajar/Mahasiswa;08XX-XXXX-XXXX;2025-03-17 12:42:46;72.0;17;Laki-Laki;80;80;60;60;60;80;60;80;80;60;100;60;80;60;80
Responden_223;SMA;Lainnya;08XX-XXXX-XXXX;2025-03-17 11:43:33;61.33;41;Laki-Laki;60;80;60;60;60;60;60;60;60;60;60;60;60;60;60
Responden_224;D3;Wirausaha;08XX-XXXX-XXXX;2025-03-17 11:22:25;81.33;48;Laki-Laki;80;80;80;80;60;80;80;80;80;100;80;100;80;80;80
Responden_225;D3;Wirausaha;08XX-XXXX-XXXX;2025-03-17 11:22:02;81.33;48;Laki-Laki;80;80;80;80;60;80;80;80;80;100;80;100;80;80;80
Responden_226;D3;Wirausaha;08XX-XXXX-XXXX;2025-03-17 11:21:48;81.33;48;Laki-Laki;80;80;80;80;60;80;80;80;80;100;80;100;80;80;80
Responden_227;SMA;Pelajar/Mahasiswa;08XX-XXXX-XXXX;2025-03-17 11:06:18;90.67;18;Laki-Laki;100;80;100;100;80;100;80;100;80;100;80;100;80;100;80
Responden_228;SMA;Pelajar/Mahasiswa;08XX-XXXX-XXXX;2025-03-17 10:58:21;78.67;17;Perempuan;60;100;60;80;60;80;100;100;60;80;80;80;100;60;80
Responden_229;SMA;Pelajar/Mahasiswa;08XX-XXXX-XXXX;2025-03-17 10:57:58;82.67;18;Perempuan;100;100;60;100;80;80;80;80;80;80;80;80;80;80;80
Responden_230;S1;Lainnya;08XX-XXXX-XXXX;2025-03-17 10:53:30;60.0;38;Laki-Laki;60;60;60;60;60;60;60;60;60;60;60;60;60;60;60
Responden_231;S1;PNS;08XX-XXXX-XXXX;2025-03-17 10:35:39;68.0;36;Laki-Laki;60;100;60;80;40;80;80;60;60;60;40;80;80;60;80
Responden_232;SD;Swasta;08XX-XXXX-XXXX;2025-03-17 10:21:24;82.67;38;Laki-Laki;100;100;100;100;40;100;100;100;40;100;100;20;40;100;100
Responden_233;S1;Swasta;08XX-XXXX-XXXX;2025-03-17 09:58:33;74.67;49;Laki-Laki;80;100;80;60;60;80;80;60;60;80;80;80;80;80;60
Responden_234;Lainnya;Pelajar/Mahasiswa;08XX-XXXX-XXXX;2025-03-17 09:37:53;60.0;19;Perempuan;60;60;60;60;60;60;60;60;60;60;60;60;60;60;60
Responden_235;S1;Lainnya;08XX-XXXX-XXXX;2025-03-17 09:31:54;97.33;56;Perempuan;100;100;80;100;100;100;100;100;100;100;100;100;100;80;100
Responden_236;SMA;Pelajar/Mahasiswa;08XX-XXXX-XXXX;2025-03-17 09:25:49;76.0;20;Laki-Laki;80;80;80;80;80;80;40;80;80;80;80;80;80;80;60
Responden_237;SMA;Pelajar/Mahasiswa;08XX-XXXX-XXXX;2025-03-17 09:25:30;77.33;20;Laki-Laki;80;80;80;80;80;80;40;80;80;80;80;80;80;80;80
Responden_238;SMA;Pelajar/Mahasiswa;08XX-XXXX-XXXX;2025-03-17 09:09:11;84.0;19;Laki-Laki;80;80;80;100;100;100;60;60;80;100;100;80;80;80;80
Responden_239;SMA;Pelajar/Mahasiswa;08XX-XXXX-XXXX;2025-03-17 09:07:57;84.0;19;Perempuan;80;80;80;80;80;80;80;80;80;80;100;100;80;80;100
Responden_240;SMA;Pelajar/Mahasiswa;08XX-XXXX-XXXX;2025-03-17 09:07:03;89.33;18;Perempuan;80;100;100;100;80;80;100;60;60;100;100;100;80;100;100
Responden_241;SMA;Pelajar/Mahasiswa;08XX-XXXX-XXXX;2025-03-17 09:06:05;82.67;20;Perempuan;80;100;100;80;100;60;60;60;80;80;80;100;100;80;80
Responden_242;S1;Swasta;08XX-XXXX-XXXX;2025-03-17 09:04:41;84.0;24;Laki-Laki;100;80;80;80;100;80;80;100;80;80;100;100;80;60;60
Responden_243;SMA;Pelajar/Mahasiswa;08XX-XXXX-XXXX;2025-03-17 09:03:27;88.0;20;Laki-Laki;80;80;100;80;100;80;60;100;100;100;80;80;100;100;80
Responden_244;SMA;Pelajar/Mahasiswa;08XX-XXXX-XXXX;2025-03-17 08:59:23;90.67;21;Perempuan;100;100;80;100;80;100;80;100;100;100;80;80;80;80;100
Responden_245;SMA;Pelajar/Mahasiswa;08XX-XXXX-XXXX;2025-03-17 08:56:10;86.67;20;Laki-Laki;80;100;100;100;80;80;80;80;80;100;100;60;60;100;100
Responden_246;SMA;Pelajar/Mahasiswa;08XX-XXXX-XXXX;2025-03-17 08:54:28;80.0;19;Laki-Laki;80;80;80;80;60;60;100;100;80;80;80;100;80;80;60
Responden_247;SMA;Pelajar/Mahasiswa;08XX-XXXX-XXXX;2025-03-17 08:52:03;85.33;20;Perempuan;80;100;100;100;60;80;60;80;100;100;80;80;80;80;100
Responden_248;D3;Wirausaha;08XX-XXXX-XXXX;2025-03-17 08:50:31;89.33;30;Laki-Laki;100;80;80;100;80;100;80;80;80;100;80;100;100;100;80
Responden_249;S1;Pelajar/Mahasiswa;08XX-XXXX-XXXX;2025-03-17 08:47:57;80.0;24;Perempuan;100;80;80;100;60;80;80;80;80;100;100;80;60;60;60
Responden_250;SMA;Pelajar/Mahasiswa;08XX-XXXX-XXXX;2025-03-17 08:46:16;85.33;20;Perempuan;80;60;80;100;80;60;100;100;100;80;80;100;100;80;80
Responden_251;S1;Lainnya;08XX-XXXX-XXXX;2025-03-17 08:43:36;85.33;25;Laki-Laki;100;100;80;60;80;100;80;60;80;80;100;100;100;80;80
Responden_252;SMA;Pelajar/Mahasiswa;08XX-XXXX-XXXX;2025-03-17 08:41:31;85.33;19;Laki-Laki;80;80;60;100;100;80;80;80;100;80;80;80;80;100;100
Responden_253;SMA;Pelajar/Mahasiswa;08XX-XXXX-XXXX;2025-03-17 08:39:07;98.67;21;Perempuan;100;100;100;100;100;100;100;100;100;100;100;100;80;100;100
Responden_254;S1;Swasta;08XX-XXXX-XXXX;2025-03-17 08:27:49;68.0;32;Laki-Laki;80;60;60;80;60;60;80;60;80;60;60;80;60;80;60
Responden_255;S1;Pelajar/Mahasiswa;08XX-XXXX-XXXX;2025-03-17 08:26:54;72.0;23;Laki-Laki;100;80;60;80;60;80;60;80;80;60;60;80;60;80;60
Responden_256;S1;PNS;08XX-XXXX-XXXX;2025-01-31 15:02:32;69.33;40;Laki-Laki;80;80;80;80;60;80;60;60;60;60;80;60;60;60;80
Responden_257;S1;Wirausaha;08XX-XXXX-XXXX;2025-01-31 14:22:13;86.67;47;Laki-Laki;80;100;80;80;80;80;100;100;80;100;100;80;80;80;80
Responden_258;S2;PNS;08XX-XXXX-XXXX;2025-01-30 17:59:39;100.0;54;Laki-Laki;100;100;100;100;100;100;100;100;100;100;100;100;100;100;100
Responden_259;S1;PNS;08XX-XXXX-XXXX;2025-01-24 07:59:02;84.0;41;Perempuan;80;80;80;80;100;100;100;80;80;80;80;80;80;80;80
Responden_260;S2;PNS;08XX-XXXX-XXXX;2024-12-05 18:27:39;76.0;53;Laki-Laki;60;80;60;60;80;80;80;80;80;80;80;80;80;80;80
Responden_261;S2;PNS;08XX-XXXX-XXXX;2024-12-05 15:13:17;81.33;53;Perempuan;80;100;80;80;80;80;80;80;80;80;80;80;80;80;80
Responden_262;S1;PNS;08XX-XXXX-XXXX;2024-12-05 15:12:14;93.33;44;Laki-Laki;100;80;100;100;80;100;100;80;100;80;100;100;100;100;80
Responden_263;S2;PNS;08XX-XXXX-XXXX;2024-12-05 15:04:09;76.0;54;Laki-Laki;80;80;80;80;60;80;80;80;80;80;80;80;80;60;60
Responden_264;D3;Swasta;08XX-XXXX-XXXX;2024-12-05 14:10:59;62.67;37;Laki-Laki;60;80;60;80;60;60;60;60;60;60;60;60;60;60;60
Responden_265;S1;PNS;08XX-XXXX-XXXX;2024-12-05 09:22:54;92.0;26;Laki-Laki;80;100;80;80;100;100;100;100;80;100;100;100;100;80;80
Responden_266;S1;PNS;08XX-XXXX-XXXX;2024-12-05 08:20:07;82.67;47;Laki-Laki;80;100;100;80;80;80;80;80;80;80;80;80;80;80;80
Responden_267;S1;PNS;08XX-XXXX-XXXX;2024-12-05 08:18:01;77.33;30;Laki-Laki;80;80;80;60;80;80;80;80;80;80;80;80;80;80;60
Responden_268;S1;PNS;08XX-XXXX-XXXX;2024-12-05 08:05:37;81.33;51;Perempuan;80;80;80;100;80;80;80;80;80;80;80;80;80;80;80
Responden_269;S1;Lainnya;08XX-XXXX-XXXX;2024-11-22 17:00:50;60.0;25;Laki-Laki;60;60;60;60;60;60;60;60;60;60;60;60;60;60;60
Responden_270;SMA;Pelajar/Mahasiswa;08XX-XXXX-XXXX;2024-10-30 13:57:55;69.33;16;Perempuan;60;80;60;60;60;80;80;60;80;80;80;60;60;80;60
Responden_271;SMA;Pelajar/Mahasiswa;08XX-XXXX-XXXX;2024-10-30 13:56:20;80.0;16;Perempuan;80;80;80;80;80;80;80;80;80;80;80;80;80;80;80
Responden_272;SMA;Pelajar/Mahasiswa;08XX-XXXX-XXXX;2024-10-30 13:54:17;80.0;15;Perempuan;60;80;60;60;80;100;80;100;60;100;80;60;100;80;100
Responden_273;SMA;Pelajar/Mahasiswa;08XX-XXXX-XXXX;2024-10-30 13:53:53;81.33;16;Laki-Laki;80;80;80;80;80;80;80;80;80;80;80;80;100;80;80
Responden_274;SMA;Pelajar/Mahasiswa;08XX-XXXX-XXXX;2024-10-30 13:53:51;73.33;16;Laki-Laki;60;60;60;60;60;60;100;100;80;80;80;80;100;60;60
Responden_275;SMA;TNI;08XX-XXXX-XXXX;2024-10-30 13:53:27;66.67;19;Laki-Laki;80;80;80;80;60;60;60;40;60;60;80;80;60;40;80
Responden_276;SMA;TNI;08XX-XXXX-XXXX;2024-10-30 13:53:20;69.33;17;Laki-Laki;80;80;60;80;60;60;80;60;60;60;80;60;60;80;80
Responden_277;SMA;Pelajar/Mahasiswa;08XX-XXXX-XXXX;2024-10-30 13:52:05;73.33;16;Perempuan;80;80;60;80;80;80;60;60;80;100;60;60;80;80;60
Responden_278;SMA;Pelajar/Mahasiswa;08XX-XXXX-XXXX;2024-10-30 13:51:53;76.0;16;Laki-Laki;60;80;60;80;100;60;100;80;60;100;60;60;100;60;80
Responden_279;SMA;Pelajar/Mahasiswa;08XX-XXXX-XXXX;2024-10-30 13:51:52;73.33;16;Perempuan;60;80;60;60;60;80;80;80;60;80;60;80;80;80;100
Responden_280;SMA;Pelajar/Mahasiswa;08XX-XXXX-XXXX;2024-10-30 13:51:48;68.0;15;Perempuan;60;60;60;60;60;60;80;80;60;80;80;60;80;80;60
Responden_281;SMA;Pelajar/Mahasiswa;08XX-XXXX-XXXX;2024-10-30 13:51:28;73.33;16;Perempuan;80;80;60;80;80;80;60;60;80;100;60;60;80;80;60
Responden_282;SMA;Pelajar/Mahasiswa;08XX-XXXX-XXXX;2024-10-30 13:51:15;74.67;16;Laki-Laki;60;80;60;60;60;80;80;80;80;80;80;80;80;80;80
Responden_283;SD;Pelajar/Mahasiswa;08XX-XXXX-XXXX;2024-10-30 13:51:10;70.67;15;Laki-Laki;60;60;60;60;60;80;80;60;80;80;60;80;80;80;80
Responden_284;SMA;Pelajar/Mahasiswa;08XX-XXXX-XXXX;2024-10-30 13:50:43;80.0;16;Laki-Laki;40;80;100;80;80;100;100;80;60;100;60;80;40;100;100
Responden_285;SMA;Pelajar/Mahasiswa;08XX-XXXX-XXXX;2024-10-30 13:50:43;74.67;16;Perempuan;60;80;60;60;80;80;80;80;60;100;80;60;100;60;80
Responden_286;SMA;Pelajar/Mahasiswa;08XX-XXXX-XXXX;2024-10-30 13:50:41;64.0;16;Perempuan;60;100;60;60;60;60;60;80;60;60;60;60;60;60;60
Responden_287;SMA;Pelajar/Mahasiswa;08XX-XXXX-XXXX;2024-10-30 13:50:32;68.0;16;Perempuan;60;80;60;60;80;60;80;60;60;60;80;80;80;60;60
Responden_288;SMA;Pelajar/Mahasiswa;08XX-XXXX-XXXX;2024-10-30 13:50:24;81.33;16;Laki-Laki;80;80;80;80;80;80;80;80;80;80;80;80;100;80;80
Responden_289;SMA;Pelajar/Mahasiswa;08XX-XXXX-XXXX;2024-10-30 13:50:04;73.33;16;Perempuan;40;80;60;40;80;80;80;80;80;80;80;80;80;80;80
Responden_290;SMA;Pelajar/Mahasiswa;08XX-XXXX-XXXX;2024-10-30 13:49:54;72.0;15;Perempuan;60;80;60;40;60;80;60;80;80;80;80;80;80;80;80
Responden_291;SMA;Pelajar/Mahasiswa;08XX-XXXX-XXXX;2024-10-30 13:49:51;70.67;17;Laki-Laki;60;80;100;80;40;60;60;60;60;60;60;100;80;80;80
Responden_292;SMA;Pelajar/Mahasiswa;08XX-XXXX-XXXX;2024-10-30 13:49:31;78.67;16;Laki-Laki;60;100;60;60;80;100;80;80;60;80;60;80;100;80;100
Responden_293;SMA;POLRI;08XX-XXXX-XXXX;2024-10-30 13:49:31;60.0;32;Laki-Laki;60;80;40;60;60;60;60;60;60;60;60;60;60;60;60
Responden_294;SMA;TNI;08XX-XXXX-XXXX;2024-10-30 13:49:28;80.0;17;Laki-Laki;80;80;80;80;80;80;80;80;80;80;80;80;80;80;80
Responden_295;SMA;Pelajar/Mahasiswa;08XX-XXXX-XXXX;2024-10-30 13:49:27;93.33;16;Laki-Laki;100;100;100;100;100;100;100;100;100;100;80;80;80;80;80
Responden_296;SMA;Pelajar/Mahasiswa;08XX-XXXX-XXXX;2024-10-30 13:49:25;69.33;16;Perempuan;20;80;60;40;80;80;80;80;80;80;80;60;80;80;60
Responden_297;SMA;Pelajar/Mahasiswa;08XX-XXXX-XXXX;2024-10-30 13:49:13;64.0;15;Laki-Laki;60;80;80;80;60;60;60;60;60;60;60;60;60;60;60
Responden_298;SMA;Pelajar/Mahasiswa;08XX-XXXX-XXXX;2024-10-30 13:49:11;80.0;16;Perempuan;80;80;80;80;80;80;80;80;80;80;80;80;80;80;80
Responden_299;SMA;Pelajar/Mahasiswa;08XX-XXXX-XXXX;2024-10-30 13:49:08;74.67;16;Laki-Laki;60;80;60;60;60;80;80;80;80;80;80;80;80;80;80
Responden_300;SMA;PNS;08XX-XXXX-XXXX;2024-10-30 13:49:08;74.67;16;Perempuan;60;80;60;60;100;80;80;80;60;60;80;100;80;60;80
Responden_301;SMA;Pelajar/Mahasiswa;08XX-XXXX-XXXX;2024-10-30 13:48:57;97.33;16;Perempuan;100;60;100;100;100;100;100;100;100;100;100;100;100;100;100
Responden_302;SMA;Pelajar/Mahasiswa;08XX-XXXX-XXXX;2024-10-30 13:48:37;76.0;16;Laki-Laki;100;100;100;80;60;60;60;60;80;60;60;80;100;60;80
Responden_303;SMA;Lainnya;08XX-XXXX-XXXX;2024-10-30 13:48:27;60.0;16;Laki-Laki;60;60;60;60;60;60;60;60;60;60;60;60;60;60;60
Responden_304;SMA;Pelajar/Mahasiswa;08XX-XXXX-XXXX;2024-10-30 13:47:44;100.0;16;Perempuan;100;100;100;100;100;100;100;100;100;100;100;100;100;100;100
Responden_305;SMA;Pelajar/Mahasiswa;08XX-XXXX-XXXX;2024-10-30 13:47:32;61.33;16;Laki-Laki;60;60;60;60;60;60;60;60;60;60;60;60;60;80;60
Responden_306;SMA;Pelajar/Mahasiswa;08XX-XXXX-XXXX;2024-10-30 13:47:18;70.67;16;Perempuan;80;60;60;100;40;60;60;80;80;100;60;60;80;60;80
Responden_307;SMA;Wirausaha;08XX-XXXX-XXXX;2024-10-24 11:04:34;69.33;44;Laki-Laki;80;60;80;60;80;80;80;80;60;60;60;40;80;60;80
Responden_308;SMA;Pelajar/Mahasiswa;08XX-XXXX-XXXX;2024-10-04 10:43:15;70.67;22;Perempuan;80;60;60;60;80;80;80;80;80;80;60;80;80;40;60
Responden_309;S1;Pelajar/Mahasiswa;08XX-XXXX-XXXX;2024-10-03 10:51:24;70.67;19;Perempuan;80;40;80;80;40;80;60;80;80;80;80;80;80;60;60
Responden_310;S1;Pelajar/Mahasiswa;08XX-XXXX-XXXX;2024-10-03 10:40:32;73.33;21;Laki-Laki;80;60;60;60;80;60;80;100;80;80;60;80;80;60;80
Responden_311;SMA;Pelajar/Mahasiswa;08XX-XXXX-XXXX;2024-10-03 10:26:00;58.67;21;Laki-Laki;80;40;40;40;60;40;60;60;60;60;60;80;60;60;80
Responden_312;S1;Pelajar/Mahasiswa;08XX-XXXX-XXXX;2024-10-03 10:04:31;65.33;19;Laki-Laki;100;60;60;60;40;80;80;60;40;80;40;80;80;40;80
Responden_313;D3;PNS;08XX-XXXX-XXXX;2024-10-03 09:55:21;62.67;44;Perempuan;80;60;60;60;60;60;80;60;60;60;60;60;60;60;60
Responden_314;S1;Pelajar/Mahasiswa;08XX-XXXX-XXXX;2024-10-03 09:29:44;60.0;22;Laki-Laki;60;60;60;60;60;60;60;60;60;60;60;60;60;60;60
Responden_315;S1;Pelajar/Mahasiswa;08XX-XXXX-XXXX;2024-10-03 09:26:40;64.0;23;Laki-Laki;80;60;40;60;60;60;80;60;60;60;80;60;80;60;60
Responden_316;S1;Pelajar/Mahasiswa;08XX-XXXX-XXXX;2024-10-03 09:17:50;60.0;21;Laki-Laki;60;60;60;60;60;60;60;60;60;60;60;60;60;60;60
Responden_317;SMA;Pelajar/Mahasiswa;08XX-XXXX-XXXX;2024-10-03 09:12:55;50.67;18;Perempuan;60;60;40;40;60;40;40;60;60;40;40;60;60;60;40
Responden_318;S1;Pelajar/Mahasiswa;08XX-XXXX-XXXX;2024-10-03 09:12:11;54.67;20;Laki-Laki;60;20;20;20;60;60;60;60;60;80;60;100;80;40;40
Responden_319;S1;Pelajar/Mahasiswa;08XX-XXXX-XXXX;2024-10-03 09:10:59;77.33;22;Perempuan;100;60;60;60;80;80;80;80;80;80;80;80;80;80;80
Responden_320;SMA;Pelajar/Mahasiswa;08XX-XXXX-XXXX;2024-10-03 09:07:15;64.0;19;Perempuan;80;60;80;60;60;60;80;60;60;60;40;60;60;60;80
Responden_321;S1;Pelajar/Mahasiswa;08XX-XXXX-XXXX;2024-10-03 08:58:53;65.33;19;Laki-Laki;80;60;40;40;80;60;80;60;80;80;60;80;60;60;60
Responden_322;SMA;Pelajar/Mahasiswa;08XX-XXXX-XXXX;2024-10-03 08:57:21;61.33;21;Laki-Laki;60;40;60;60;40;80;80;60;60;60;60;100;60;60;40
Responden_323;S1;Pelajar/Mahasiswa;08XX-XXXX-XXXX;2024-10-03 08:55:28;68.0;19;Perempuan;80;60;60;80;60;60;60;80;60;80;60;80;60;60;80
Responden_324;S1;Pelajar/Mahasiswa;08XX-XXXX-XXXX;2024-10-03 08:55:21;100.0;19;Laki-Laki;100;100;100;100;100;100;100;100;100;100;100;100;100;100;100
Responden_325;S1;Pelajar/Mahasiswa;08XX-XXXX-XXXX;2024-10-03 08:53:49;54.67;21;Laki-Laki;60;20;20;20;80;80;60;40;60;40;60;60;100;60;60
Responden_326;S1;Pelajar/Mahasiswa;08XX-XXXX-XXXX;2024-10-03 08:53:25;66.67;18;Perempuan;80;40;60;60;60;80;60;60;60;80;60;80;80;80;60
Responden_327;S1;Pelajar/Mahasiswa;08XX-XXXX-XXXX;2024-10-03 08:53:22;60.0;22;Laki-Laki;60;60;60;60;60;60;60;60;60;60;60;60;60;60;60
Responden_328;S1;Pelajar/Mahasiswa;08XX-XXXX-XXXX;2024-10-03 08:47:17;76.0;22;Laki-Laki;100;60;60;60;60;80;80;80;60;100;60;100;100;60;80
Responden_329;S1;Pelajar/Mahasiswa;08XX-XXXX-XXXX;2024-10-03 08:36:59;66.67;21;Laki-Laki;60;60;60;60;80;60;80;60;60;60;60;80;100;60;60
Responden_330;S1;Pelajar/Mahasiswa;08XX-XXXX-XXXX;2024-10-03 08:33:08;80.0;22;Laki-Laki;100;80;60;60;60;80;100;80;80;100;60;100;100;60;80
Responden_331;SMA;Pelajar/Mahasiswa;08XX-XXXX-XXXX;2024-10-03 08:31:13;70.67;22;Laki-Laki;80;40;60;60;80;80;80;80;60;80;80;80;80;60;60
Responden_332;S1;PNS;08XX-XXXX-XXXX;2024-09-26 17:43:45;53.33;38;Perempuan;60;60;60;60;60;60;60;60;60;60;40;40;40;40;40
Responden_333;S2;PNS;08XX-XXXX-XXXX;2024-09-19 11:16:12;80.0;53;Laki-Laki;80;80;80;80;80;80;80;80;80;80;80;80;80;80;80
Responden_334;S1;Pelajar/Mahasiswa;08XX-XXXX-XXXX;2024-09-12 16:01:20;78.67;22;Laki-Laki;100;80;80;80;60;80;100;80;80;80;80;80;80;60;60
Responden_335;SMA;Pelajar/Mahasiswa;08XX-XXXX-XXXX;2024-09-12 14:20:08;90.67;17;Perempuan;100;100;100;80;80;80;100;100;80;80;80;100;100;80;100
Responden_336;S2;PNS;08XX-XXXX-XXXX;2024-09-12 14:13:53;94.67;0;Perempuan;100;100;100;100;100;80;100;100;80;100;80;100;80;100;100
Responden_337;SMA;Pelajar/Mahasiswa;08XX-XXXX-XXXX;2024-09-12 14:13:24;100.0;17;Perempuan;100;100;100;100;100;100;100;100;100;100;100;100;100;100;100
Responden_338;SMA;Pelajar/Mahasiswa;08XX-XXXX-XXXX;2024-09-12 14:10:43;97.33;17;Perempuan;100;100;100;100;100;100;100;100;100;100;100;100;100;60;100
Responden_339;SMA;Pelajar/Mahasiswa;08XX-XXXX-XXXX;2024-09-12 14:07:52;97.33;18;Perempuan;100;100;100;100;100;100;100;100;100;100;100;100;100;60;100
Responden_340;Lainnya;Pelajar/Mahasiswa;08XX-XXXX-XXXX;2024-09-12 14:07:43;97.33;17;Perempuan;100;100;100;100;100;100;100;100;100;100;100;100;100;60;100
Responden_341;SMA;Pelajar/Mahasiswa;08XX-XXXX-XXXX;2024-09-12 14:00:02;100.0;17;Perempuan;100;100;100;100;100;100;100;100;100;100;100;100;100;100;100
Responden_342;S1;Pelajar/Mahasiswa;08XX-XXXX-XXXX;2024-09-12 13:43:57;69.33;21;Perempuan;80;80;80;80;60;60;60;60;60;80;60;60;60;80;80
Responden_343;S2;PNS;08XX-XXXX-XXXX;2024-09-12 12:59:36;86.67;57;Perempuan;100;100;80;80;80;80;80;100;80;100;100;80;100;60;80
Responden_344;S2;PNS;08XX-XXXX-XXXX;2024-09-12 11:35:16;76.0;39;Perempuan;80;80;80;80;80;80;80;80;60;80;60;80;80;60;80
Responden_345;S1;Lainnya;08XX-XXXX-XXXX;2024-09-12 10:35:56;77.33;30;Perempuan;80;80;80;60;60;80;80;80;80;80;80;80;80;80;80
Responden_346;S2;PNS;08XX-XXXX-XXXX;2024-09-12 10:01:58;88.0;49;Perempuan;100;80;80;60;100;100;80;80;80;100;80;100;100;80;100
Responden_347;S1;PNS;08XX-XXXX-XXXX;2024-09-12 09:30:01;94.67;38;Perempuan;100;100;80;80;80;100;100;100;100;100;100;100;100;100;80
Responden_348;SMA;PNS;08XX-XXXX-XXXX;2024-09-12 08:37:08;62.67;43;Laki-Laki;100;60;60;80;40;40;60;60;40;60;60;80;80;60;60
Responden_349;S2;PNS;08XX-XXXX-XXXX;2024-09-12 08:02:52;86.67;40;Laki-Laki;100;100;100;80;80;60;80;80;80;80;80;80;100;100;100
Responden_350;S1;PNS;08XX-XXXX-XXXX;2024-09-12 07:53:13;89.33;33;Perempuan;80;80;80;80;100;80;100;100;100;100;100;80;80;100;80
Responden_351;S1;PNS;08XX-XXXX-XXXX;2024-09-12 07:46:15;78.67;29;Perempuan;80;80;80;80;80;80;80;60;80;80;80;80;80;80;80
Responden_352;S1;PNS;08XX-XXXX-XXXX;2024-05-09 23:20:46;85.33;42;Perempuan;100;100;80;80;80;80;80;80;80;100;80;100;80;80;80
Responden_353;SMA;Swasta;08XX-XXXX-XXXX;2024-05-01 04:51:16;100.0;48;Laki-Laki;100;100;100;100;100;100;100;100;100;100;100;100;100;100;100
Responden_354;SMA;Pelajar/Mahasiswa;08XX-XXXX-XXXX;2024-04-26 10:28:01;77.33;18;Perempuan;100;60;80;80;20;100;100;100;80;80;80;80;100;20;80
Responden_355;S1;Pelajar/Mahasiswa;08XX-XXXX-XXXX;2024-04-17 11:06:02;80.0;23;Perempuan;80;80;80;80;80;80;80;80;80;80;80;80;80;80;80
Responden_356;S1;Pelajar/Mahasiswa;08XX-XXXX-XXXX;2024-04-17 11:03:26;60.0;23;Perempuan;60;60;60;60;60;60;60;60;60;60;60;60;60;60;60
Responden_357;S1;Pelajar/Mahasiswa;08XX-XXXX-XXXX;2024-04-13 04:24:44;81.33;18;Perempuan;80;60;60;80;100;100;80;80;100;100;60;80;100;60;80
Responden_358;SD;Lainnya;08XX-XXXX-XXXX;2024-04-06 07:39:49;40.0;1977;Laki-Laki;40;40;40;40;40;40;40;40;40;40;40;40;40;40;40
Responden_359;SD;Lainnya;08XX-XXXX-XXXX;2024-04-06 07:38:06;80.0;1977;Laki-Laki;80;80;80;80;80;80;80;80;80;80;80;80;80;80;80
Responden_360;S2;Swasta;08XX-XXXX-XXXX;2024-04-02 00:09:26;74.67;38;Laki-Laki;80;80;80;80;60;60;60;80;80;80;60;80;80;60;100
Responden_361;S1;Pelajar/Mahasiswa;08XX-XXXX-XXXX;2024-04-01 20:33:14;84.0;21;Laki-Laki;80;80;80;80;80;80;80;80;80;80;100;100;100;80;80
Responden_362;S1;Pelajar/Mahasiswa;08XX-XXXX-XXXX;2024-04-01 10:11:17;96.0;21;Perempuan;100;100;100;100;100;100;100;100;100;100;100;80;80;80;100
Responden_363;SMA;Pelajar/Mahasiswa;08XX-XXXX-XXXX;2024-03-28 16:05:23;78.67;17;Laki-Laki;100;40;60;40;100;80;60;80;80;100;80;80;100;80;100
Responden_364;SMA;Pelajar/Mahasiswa;08XX-XXXX-XXXX;2024-03-28 15:58:13;82.67;16;Perempuan;80;80;80;80;80;100;80;100;80;100;80;60;80;80;80
Responden_365;S1;Pelajar/Mahasiswa;08XX-XXXX-XXXX;2024-03-28 13:25:59;86.67;21;Perempuan;100;80;80;80;100;80;100;100;60;80;80;100;100;80;80
Responden_366;SMA;Swasta;08XX-XXXX-XXXX;2024-03-22 10:42:55;64.0;39;Perempuan;80;60;60;60;60;60;60;60;40;60;80;80;60;80;60
Responden_367;S1;PNS;08XX-XXXX-XXXX;2024-03-21 09:17:05;100.0;22;Perempuan;100;100;100;100;100;100;100;100;100;100;100;100;100;100;100
Responden_368;S1;Lainnya;08XX-XXXX-XXXX;2024-03-20 13:56:09;80.0;43;Laki-Laki;80;80;80;80;80;80;80;80;80;80;80;80;80;80;80
Responden_369;SMA;Lainnya;08XX-XXXX-XXXX;2024-03-14 09:58:12;80.0;35;Laki-Laki;80;80;80;80;80;80;80;80;80;80;80;80;80;80;80
Responden_370;S1;PNS;08XX-XXXX-XXXX;2024-02-22 08:11:59;77.33;59;Laki-Laki;80;80;80;60;80;80;100;80;60;80;80;60;80;80;80
Responden_371;Lainnya;PNS;08XX-XXXX-XXXX;2024-02-10 10:43:58;76.0;59;Perempuan;80;80;80;80;60;60;80;80;60;80;80;80;80;80;80
Responden_372;S2;PNS;08XX-XXXX-XXXX;2024-02-07 03:02:55;78.67;41;Perempuan;80;80;80;80;80;60;80;80;80;80;80;80;80;80;80
Responden_373;S1;PNS;08XX-XXXX-XXXX;2024-02-06 11:47:18;81.33;50;Laki-Laki;100;80;80;80;80;80;80;80;80;80;80;80;80;80;80
Responden_374;S1;Lainnya;08XX-XXXX-XXXX;2024-02-02 19:11:17;94.67;23;Perempuan;100;100;100;100;100;80;100;80;100;80;80;100;100;100;100
Responden_375;S1;PNS;08XX-XXXX-XXXX;2024-01-30 17:02:02;76.0;37;Perempuan;80;60;80;60;40;80;80;80;80;100;80;100;80;60;80
Responden_376;SMA;PNS;08XX-XXXX-XXXX;2024-01-29 07:58:24;80.0;52;Laki-Laki;80;80;80;80;80;80;80;80;80;80;80;80;80;80;80
Responden_377;S1;PNS;08XX-XXXX-XXXX;2024-01-27 18:21:23;100.0;50;Laki-Laki;100;100;100;100;100;100;100;100;100;100;100;100;100;100;100
Responden_378;S1;PNS;08XX-XXXX-XXXX;2024-01-25 10:41:30;60.0;41;Perempuan;20;60;40;80;60;40;60;60;80;80;60;40;80;60;80
Responden_379;S2;PNS;08XX-XXXX-XXXX;2024-01-24 08:07:26;85.33;56;Laki-Laki;100;100;100;80;80;80;80;80;80;80;80;80;100;80;80
Responden_380;S1;PNS;08XX-XXXX-XXXX;2024-01-23 16:51:35;77.33;55;Laki-Laki;80;80;60;80;80;80;60;80;80;60;80;80;80;80;100
Responden_381;SMA;Wirausaha;08XX-XXXX-XXXX;2024-01-23 09:18:40;80.0;34;Laki-Laki;80;80;80;80;80;80;80;80;80;80;80;80;80;80;80
Responden_382;S1;PNS;08XX-XXXX-XXXX;2024-01-22 16:07:07;77.33;45;Perempuan;100;60;60;80;80;80;80;80;80;80;80;80;80;80;60
Responden_383;S1;PNS;08XX-XXXX-XXXX;2024-01-21 21:24:04;100.0;39;Laki-Laki;100;100;100;100;100;100;100;100;100;100;100;100;100;100;100
Responden_384;SMA;Lainnya;08XX-XXXX-XXXX;2024-01-19 09:33:36;77.33;35;Perempuan;80;60;80;80;80;80;80;80;80;80;80;60;80;80;80
Responden_385;SMA;Pelajar/Mahasiswa;08XX-XXXX-XXXX;2024-01-10 17:43:41;85.33;17;Perempuan;100;80;60;60;80;60;80;100;80;100;100;100;100;100;80
Responden_386;S1;Swasta;08XX-XXXX-XXXX;2024-01-06 19:44:07;73.33;48;Laki-Laki;100;80;60;60;60;80;80;60;80;80;60;80;80;60;80
Responden_387;S1;PNS;08XX-XXXX-XXXX;2024-01-05 15:33:22;76.0;46;Perempuan;80;80;80;80;80;80;80;80;80;80;80;60;60;80;60
Responden_388;D3;PNS;08XX-XXXX-XXXX;2024-01-02 12:07:29;54.67;51;Perempuan;60;40;60;80;60;40;60;40;40;60;40;80;60;40;60
Responden_389;S1;PNS;08XX-XXXX-XXXX;2024-01-01 20:26:40;65.33;30;Laki-Laki;100;80;60;80;60;60;60;60;60;60;60;60;60;60;60
Responden_390;S1;Lainnya;08XX-XXXX-XXXX;2023-12-29 20:34:07;84.0;36;Laki-Laki;100;80;100;80;80;80;80;80;80;80;80;80;80;80;100
Responden_391;SMA;Pelajar/Mahasiswa;08XX-XXXX-XXXX;2023-12-29 07:59:49;88.0;18;Perempuan;100;80;100;60;100;100;100;80;80;100;80;80;100;80;80
Responden_392;SMA;Pelajar/Mahasiswa;08XX-XXXX-XXXX;2023-12-29 07:58:14;70.67;17;Perempuan;80;60;60;80;80;60;80;80;60;60;80;40;100;80;60
Responden_393;SMA;Pelajar/Mahasiswa;08XX-XXXX-XXXX;2023-12-28 15:53:07;73.33;18;Perempuan;80;60;60;60;80;80;80;80;80;80;80;80;80;60;60
Responden_394;S1;PNS;08XX-XXXX-XXXX;2023-12-28 14:16:39;73.33;34;Laki-Laki;100;60;80;40;80;80;80;40;100;80;60;80;60;80;80
Responden_395;S1;Wirausaha;08XX-XXXX-XXXX;2026-04-30 06:58:07;84.0;42;Laki-Laki;100;60;80;100;100;60;80;100;100;60;80;100;100;60;80
Responden_396;S1;Swasta;08XX-XXXX-XXXX;2026-04-30 06:57:31;84.0;25;Perempuan;100;60;80;100;100;60;80;100;100;60;80;100;100;60;80
Responden_397;SMA;Pelajar/Mahasiswa;08XX-XXXX-XXXX;2026-04-30 06:56:50;82.67;18;Laki-Laki;100;60;80;80;100;60;80;100;100;60;80;100;100;60;80
Responden_398;S1;Swasta;08XX-XXXX-XXXX;2026-04-29 07:07:24;84.0;30;Perempuan;100;60;80;100;100;60;80;100;100;60;80;100;100;60;80
Responden_399;SMA;Pelajar/Mahasiswa;08XX-XXXX-XXXX;2026-04-29 07:06:43;84.0;21;Laki-Laki;100;60;80;100;100;60;80;100;100;60;80;100;100;60;80
Responden_400;S2;PNS;08XX-XXXX-XXXX;2026-04-28 07:56:30;86.67;37;Perempuan;100;60;80;100;100;60;80;100;100;80;100;100;60;80;100
Responden_401;S1;Swasta;08XX-XXXX-XXXX;2026-04-28 07:55:36;84.0;26;Laki-Laki;100;60;80;100;100;60;80;100;100;60;80;100;100;60;80
Responden_402;S1;POLRI;08XX-XXXX-XXXX;2026-04-27 14:42:05;86.67;33;Laki-Laki;100;60;80;100;100;60;80;100;100;60;80;100;100;80;100
Responden_403;S1;Swasta;08XX-XXXX-XXXX;2026-04-27 14:41:26;84.0;28;Perempuan;100;60;80;100;100;60;80;100;100;60;80;100;100;60;80
Responden_404;SMA;Pelajar/Mahasiswa;08XX-XXXX-XXXX;2026-04-27 14:40:47;86.67;19;Laki-Laki;100;60;80;100;100;60;80;100;100;80;100;100;60;80;100
Responden_405;S1;Wirausaha;08XX-XXXX-XXXX;2026-04-23 12:36:46;84.0;40;Laki-Laki;100;60;80;100;100;60;80;100;100;60;80;100;100;60;80
Responden_406;S1;Pelajar/Mahasiswa;08XX-XXXX-XXXX;2026-04-23 12:35:57;84.0;22;Perempuan;100;60;80;100;100;60;80;100;100;60;80;100;60;80;100
Responden_407;SMA;Pelajar/Mahasiswa;08XX-XXXX-XXXX;2026-04-23 12:35:16;84.0;17;Laki-Laki;100;60;80;100;100;60;80;100;100;60;80;100;100;60;80
Responden_408;S1;Wirausaha;08XX-XXXX-XXXX;2026-04-22 09:31:13;84.0;40;Laki-Laki;100;60;80;100;100;60;80;100;100;60;80;100;100;60;80
Responden_409;S1;Pelajar/Mahasiswa;08XX-XXXX-XXXX;2026-04-22 09:30:39;85.33;22;Perempuan;100;60;80;100;100;60;80;100;100;60;80;100;80;100;80
Responden_410;SMA;Pelajar/Mahasiswa;08XX-XXXX-XXXX;2026-04-22 09:29:59;85.33;17;Laki-Laki;100;60;80;100;100;80;100;60;80;100;100;60;80;100;80
Responden_411;S1;PNS;08XX-XXXX-XXXX;2026-04-21 15:47:15;86.67;29;Perempuan;100;60;80;100;80;100;60;100;100;60;80;100;100;80;100
Responden_412;S1;Swasta;08XX-XXXX-XXXX;2026-04-20 12:42:43;84.0;35;Laki-Laki;100;60;80;100;100;60;80;100;100;60;80;100;100;60;80
Responden_413;SMA;Pelajar/Mahasiswa;08XX-XXXX-XXXX;2026-04-20 12:41:58;85.33;20;Perempuan;100;80;100;100;60;80;100;80;60;100;100;60;80;100;80
Responden_414;S1;PNS;08XX-XXXX-XXXX;2026-04-17 07:03:58;84.0;26;Laki-Laki;100;100;80;100;80;60;60;80;80;80;80;80;100;80;100
Responden_415;S1;Wirausaha;08XX-XXXX-XXXX;2026-04-16 13:14:08;85.33;24;Laki-Laki;100;80;80;100;100;60;80;100;100;60;80;100;100;60;80
Responden_416;S1;PNS;08XX-XXXX-XXXX;2026-04-15 14:03:24;85.33;31;Perempuan;100;60;80;100;100;60;80;80;100;100;80;100;60;80;100
Responden_417;SMA;Pelajar/Mahasiswa;08XX-XXXX-XXXX;2026-04-15 14:02:44;86.67;18;Laki-Laki;100;60;80;100;100;60;80;100;100;80;60;100;100;80;100
Responden_418;S1;Swasta;08XX-XXXX-XXXX;2026-04-14 09:09:43;81.33;27;Perempuan;100;60;80;80;100;60;80;100;100;60;80;100;60;80;80
Responden_419;S2;Wirausaha;08XX-XXXX-XXXX;2026-04-13 12:50:52;84.0;44;Laki-Laki;100;60;80;100;100;60;80;100;100;60;80;100;100;60;80
Responden_420;SMA;Pelajar/Mahasiswa;08XX-XXXX-XXXX;2026-04-13 12:50:12;84.0;21;Perempuan;100;60;80;100;100;60;80;100;100;60;80;100;100;60;80
Responden_421;D3;Swasta;08XX-XXXX-XXXX;2026-04-13 12:49:34;84.0;26;Laki-Laki;100;60;80;100;100;60;80;100;100;60;80;100;100;60;80
Responden_422;SMA;Pelajar/Mahasiswa;08XX-XXXX-XXXX;2026-04-13 12:48:55;86.67;18;Perempuan;100;60;80;100;100;60;80;100;100;60;80;100;100;80;100
Responden_423;S1;PNS;08XX-XXXX-XXXX;2026-04-13 12:48:15;84.0;36;Laki-Laki;100;60;80;100;100;60;80;100;100;60;80;100;100;60;80
Responden_424;S1;Wirausaha;08XX-XXXX-XXXX;2026-04-10 12:38:07;86.67;38;Laki-Laki;100;60;80;100;100;80;100;100;60;80;100;100;60;80;100
Responden_425;SMA;Pelajar/Mahasiswa;08XX-XXXX-XXXX;2026-04-10 12:37:31;86.67;17;Perempuan;100;80;100;100;60;80;100;100;80;100;60;80;100;100;60
Responden_426;S1;PNS;08XX-XXXX-XXXX;2026-04-10 12:36:10;88.0;33;Laki-Laki;100;80;100;60;80;100;100;80;100;60;80;100;100;80;100
Responden_427;S1;Swasta;08XX-XXXX-XXXX;2026-04-10 12:35:30;84.0;24;Perempuan;100;60;80;100;100;60;80;100;80;60;100;100;60;80;100
Responden_428;SMA;Pelajar/Mahasiswa;08XX-XXXX-XXXX;2026-04-10 12:34:51;88.0;19;Laki-Laki;100;80;100;100;60;80;100;60;80;100;100;80;100;80;100
Responden_429;S2;Wirausaha;08XX-XXXX-XXXX;2026-04-09 15:38:15;84.0;45;Laki-Laki;80;100;80;100;60;80;100;100;80;60;80;100;100;60;80
Responden_430;S1;PNS;08XX-XXXX-XXXX;2026-04-09 15:37:41;84.0;27;Perempuan;100;60;80;100;80;100;100;60;80;100;80;60;80;100;80
Responden_431;D3;PNS;08XX-XXXX-XXXX;2026-04-09 15:37:04;86.67;31;Laki-Laki;80;80;100;100;60;80;100;100;80;100;80;100;60;100;80
Responden_432;S1;Pelajar/Mahasiswa;08XX-XXXX-XXXX;2026-04-09 15:36:24;82.67;23;Perempuan;60;80;100;100;80;100;80;100;60;80;100;60;60;80;100
Responden_433;SMA;Pelajar/Mahasiswa;08XX-XXXX-XXXX;2026-04-09 15:35:46;88.0;17;Laki-Laki;100;80;60;80;100;100;80;100;100;80;100;100;60;80;100
Responden_434;S2;Wirausaha;08XX-XXXX-XXXX;2026-04-08 14:37:43;88.0;45;Laki-Laki;100;80;100;100;60;80;100;100;80;100;60;80;100;100;80
Responden_435;S1;PNS;08XX-XXXX-XXXX;2026-04-08 14:37:04;85.33;27;Perempuan;100;80;60;100;100;80;60;80;80;100;100;60;80;100;100
Responden_436;D3;Swasta;08XX-XXXX-XXXX;2026-04-08 14:36:23;84.0;31;Laki-Laki;60;80;100;100;60;80;100;100;60;80;100;100;60;80;100
Responden_437;S1;Pelajar/Mahasiswa;08XX-XXXX-XXXX;2026-04-08 14:35:46;81.33;23;Perempuan;80;100;80;60;100;80;80;100;100;60;80;100;100;40;60
Responden_438;SMA;Pelajar/Mahasiswa;08XX-XXXX-XXXX;2026-04-08 14:24:01;85.33;17;Laki-Laki;100;80;60;100;100;60;80;100;100;80;60;100;80;100;80
Responden_439;S2;Wirausaha;08XX-XXXX-XXXX;2026-04-07 08:31:46;88.0;40;Laki-Laki;80;100;100;80;60;100;100;80;100;80;100;100;60;80;100
Responden_440;SMA;Pelajar/Mahasiswa;08XX-XXXX-XXXX;2026-04-07 08:31:03;85.33;20;Perempuan;100;60;80;100;80;100;100;60;80;100;100;60;80;100;80
Responden_441;S1;PNS;08XX-XXXX-XXXX;2026-04-07 08:11:13;88.0;32;Laki-Laki;80;80;100;100;100;80;60;100;100;80;100;60;80;100;100
Responden_442;S1;Swasta;08XX-XXXX-XXXX;2026-04-07 08:10:28;88.0;25;Perempuan;60;80;100;100;80;100;100;60;80;100;100;80;100;100;80
Responden_443;SMA;Pelajar/Mahasiswa;08XX-XXXX-XXXX;2026-04-07 08:09:42;86.67;18;Laki-Laki;100;60;80;100;100;60;80;100;100;60;80;100;100;80;100
Responden_444;S1;Wirausaha;08XX-XXXX-XXXX;2026-04-02 09:54:15;86.67;43;Laki-Laki;100;60;80;80;100;100;60;80;100;80;100;100;80;100;80
Responden_445;S1;PNS;08XX-XXXX-XXXX;2026-04-02 09:53:37;86.67;35;Perempuan;100;80;100;100;60;80;100;100;80;100;60;100;100;60;80
Responden_446;S1;Swasta;08XX-XXXX-XXXX;2026-04-02 09:53:03;85.33;29;Laki-Laki;100;60;80;100;100;60;80;100;100;60;80;100;100;60;100
Responden_447;S1;Pelajar/Mahasiswa;08XX-XXXX-XXXX;2026-04-02 09:50:44;86.67;22;Perempuan;100;80;60;100;100;80;100;100;60;80;100;100;60;80;100
Responden_448;SMA;Pelajar/Mahasiswa;08XX-XXXX-XXXX;2026-04-02 09:46:08;89.33;17;Laki-Laki;100;80;100;100;60;80;100;100;80;100;100;60;80;100;100
Responden_449;S1;Wirausaha;08XX-XXXX-XXXX;2026-04-01 11:32:55;86.67;25;Laki-Laki;80;100;80;100;100;60;80;60;100;100;80;80;100;100;80
Responden_450;SMA;Pelajar/Mahasiswa;08XX-XXXX-XXXX;2026-04-01 11:32:01;88.0;17;Laki-Laki;60;80;100;100;80;80;100;100;80;100;100;60;80;100;100
Responden_451;S1;POLRI;08XX-XXXX-XXXX;2026-04-01 11:30:59;82.67;37;Laki-Laki;60;80;100;100;60;80;100;100;80;60;100;100;80;60;80
Responden_452;S1;Swasta;08XX-XXXX-XXXX;2026-04-01 11:30:12;84.0;23;Perempuan;80;60;100;100;80;60;100;100;80;60;80;80;100;100;80
Responden_453;D3;Swasta;08XX-XXXX-XXXX;2026-04-01 11:29:27;85.33;28;Laki-Laki;60;80;100;100;80;60;100;100;80;60;100;100;80;80;100
Responden_454;SMA;Pelajar/Mahasiswa;08XX-XXXX-XXXX;2026-04-01 11:28:39;86.67;19;Perempuan;100;60;80;100;100;80;100;60;100;100;80;100;100;60;80
Responden_455;S2;Wirausaha;08XX-XXXX-XXXX;2026-04-01 11:27:08;88.0;42;Laki-Laki;80;100;100;60;80;100;100;80;60;100;100;80;100;80;100
Responden_456;S1;PNS;08XX-XXXX-XXXX;2026-04-01 11:25:56;85.33;34;Perempuan;80;100;80;60;100;100;60;80;100;100;60;80;100;100;80
Responden_457;S1;Swasta;08XX-XXXX-XXXX;2026-04-01 11:24:57;85.33;26;Laki-Laki;100;80;80;100;100;60;80;100;100;60;80;100;60;80;100
Responden_458;SMA;Pelajar/Mahasiswa;08XX-XXXX-XXXX;2026-04-01 11:24:10;86.67;21;Perempuan;100;60;80;100;100;60;80;100;100;60;80;100;100;80;100
Responden_459;SMA;Pelajar/Mahasiswa;08XX-XXXX-XXXX;2026-04-01 11:23:30;85.33;18;Laki-Laki;100;60;80;100;100;60;80;100;100;60;80;100;80;100;80
Responden_460;S1;TNI;08XX-XXXX-XXXX;2026-03-31 10:56:14;86.67;33;Laki-Laki;100;80;60;100;100;60;80;100;100;80;100;100;60;80;100
Responden_461;SMA;Pelajar/Mahasiswa;08XX-XXXX-XXXX;2026-03-31 10:54:57;82.67;19;Perempuan;60;80;60;100;100;80;60;100;100;80;80;100;100;60;80
Responden_462;S2;Lainnya;08XX-XXXX-XXXX;2026-03-31 10:54:21;84.0;38;Laki-Laki;100;60;80;100;60;80;100;60;80;100;80;80;100;100;80
Responden_463;S1;Swasta;08XX-XXXX-XXXX;2026-03-31 10:53:11;86.67;31;Perempuan;80;60;100;100;80;100;100;60;80;100;100;60;80;100;100
Responden_464;S1;Wirausaha;08XX-XXXX-XXXX;2026-03-31 10:51:55;86.67;26;Laki-Laki;100;80;60;100;100;60;80;100;100;80;100;100;60;80;100
Responden_465;SMA;Pelajar/Mahasiswa;08XX-XXXX-XXXX;2026-03-31 10:50:55;85.33;20;Perempuan;100;60;80;100;100;60;80;100;80;100;100;80;60;80;100
Responden_466;S2;PNS;08XX-XXXX-XXXX;2026-03-31 10:50:11;85.33;32;Laki-Laki;60;100;100;80;60;100;100;80;80;100;100;80;100;60;80
Responden_467;S1;Swasta;08XX-XXXX-XXXX;2026-03-31 10:49:20;84.0;23;Perempuan;100;60;80;100;100;60;80;100;100;60;80;100;100;60;80
Responden_468;S1;POLRI;08XX-XXXX-XXXX;2026-03-31 10:48:35;88.0;27;Laki-Laki;100;80;60;100;100;80;100;100;60;80;100;100;60;100;100
Responden_469;SMA;Pelajar/Mahasiswa;08XX-XXXX-XXXX;2026-03-31 10:47:42;86.67;18;Perempuan;100;60;80;100;100;60;80;100;100;60;80;100;80;100;100
Responden_470;D3;Wirausaha;08XX-XXXX-XXXX;2026-03-31 10:47:02;86.67;35;Laki-Laki;100;60;80;100;100;60;80;100;100;60;80;100;80;100;100
Responden_471;S1;PNS;08XX-XXXX-XXXX;2026-03-31 10:46:00;84.0;29;Perempuan;100;60;80;100;60;80;100;100;60;80;100;100;60;80;100
Responden_472;S1;Swasta;08XX-XXXX-XXXX;2026-03-31 10:45:22;84.0;24;Laki-Laki;100;80;60;100;80;60;80;100;100;60;80;100;80;100;80
Responden_473;SMA;Pelajar/Mahasiswa;08XX-XXXX-XXXX;2026-03-31 10:44:34;86.67;21;Perempuan;100;60;80;100;100;80;60;100;100;80;100;100;60;80;100
Responden_474;SMA;Pelajar/Mahasiswa;08XX-XXXX-XXXX;2026-03-31 10:43:51;89.33;17;Laki-Laki;100;80;100;100;80;100;100;60;80;100;100;80;100;100;60
Responden_475;S2;PNS;08XX-XXXX-XXXX;2026-03-30 12:56:25;85.33;40;Perempuan;60;80;100;100;60;80;100;100;80;100;100;80;60;100;80
Responden_476;S1;Lainnya;08XX-XXXX-XXXX;2026-03-30 12:55:47;89.33;32;Laki-Laki;100;80;100;100;60;80;100;100;60;80;100;100;80;100;100
Responden_477;S1;Swasta;08XX-XXXX-XXXX;2026-03-30 12:54:44;86.67;23;Perempuan;80;100;100;60;80;100;100;80;100;80;60;100;100;60;100
Responden_478;S1;POLRI;08XX-XXXX-XXXX;2026-03-30 12:54:01;86.67;28;Laki-Laki;100;60;80;100;100;60;80;100;100;80;100;100;60;80;100
Responden_479;SMA;Pelajar/Mahasiswa;08XX-XXXX-XXXX;2026-03-30 12:53:08;86.67;18;Perempuan;100;80;60;100;100;80;100;100;60;80;100;100;60;80;100
Responden_480;SMA;Pelajar/Mahasiswa;08XX-XXXX-XXXX;2026-03-30 12:52:09;89.33;18;Perempuan;100;80;100;100;80;60;100;100;80;80;100;100;80;80;100
Responden_481;S2;Wirausaha;08XX-XXXX-XXXX;2026-03-30 12:51:18;85.33;34;Laki-Laki;100;80;100;60;80;100;100;60;80;100;100;60;80;100;80
Responden_482;S1;PNS;08XX-XXXX-XXXX;2026-03-30 12:48:17;84.0;30;Perempuan;100;80;100;60;80;60;100;60;100;100;60;80;100;100;80
Responden_483;D3;Swasta;08XX-XXXX-XXXX;2026-03-30 12:47:26;88.0;25;Laki-Laki;100;80;60;100;100;80;100;100;80;60;100;100;80;100;80
Responden_484;S1;Pelajar/Mahasiswa;08XX-XXXX-XXXX;2026-03-30 12:46:00;86.67;22;Perempuan;100;80;100;80;100;60;80;100;100;60;100;60;80;100;100
Responden_485;SMA;Pelajar/Mahasiswa;08XX-XXXX-XXXX;2026-03-30 12:44:57;89.33;17;Laki-Laki;100;100;80;60;100;100;60;80;100;100;80;100;100;80;100
Responden_486;S1;Wirausaha;08XX-XXXX-XXXX;2026-03-17 08:20:41;89.33;29;Perempuan;100;80;100;100;80;100;60;80;100;100;100;80;100;60;100
Responden_487;S1;TNI;08XX-XXXX-XXXX;2026-03-17 08:19:58;89.33;55;Laki-Laki;100;80;60;100;100;80;100;100;60;80;100;100;80;100;100
Responden_488;SMA;Pelajar/Mahasiswa;08XX-XXXX-XXXX;2026-03-17 08:19:15;89.33;20;Perempuan;100;80;100;100;80;60;100;100;80;100;100;80;60;100;100
Responden_489;S2;Lainnya;08XX-XXXX-XXXX;2026-03-17 08:18:30;86.67;33;Laki-Laki;100;60;80;100;100;80;60;100;100;80;100;100;60;80;100
Responden_490;S1;Swasta;08XX-XXXX-XXXX;2026-03-17 08:17:50;88.0;24;Perempuan;100;80;100;60;80;100;100;60;80;100;100;80;80;100;100
Responden_491;S1;Wirausaha;08XX-XXXX-XXXX;2026-03-17 08:17:08;86.67;38;Laki-Laki;100;60;80;100;100;80;60;100;100;60;80;100;100;80;100
Responden_492;SMA;Pelajar/Mahasiswa;08XX-XXXX-XXXX;2026-03-17 08:16:12;86.67;19;Perempuan;100;80;100;100;60;80;100;100;60;80;100;80;60;100;100
Responden_493;S2;POLRI;08XX-XXXX-XXXX;2026-03-17 08:15:18;84.0;45;Laki-Laki;100;80;60;100;100;60;80;100;100;60;80;100;100;60;80
Responden_494;D3;Swasta;08XX-XXXX-XXXX;2026-03-17 08:14:27;86.67;26;Perempuan;100;60;80;100;100;60;80;100;100;60;80;100;100;80;100
